name\Field	statement	is_revenue	is_gross_output
Type	Enums.StatementTypes	BOOL	BOOL
Prefix/FINANCIAL_ITEM_	STATEMENT_
ENERGY_REVENUE	INCOME	x	x
ENERGY_COGS	INCOME
EXTRACTION_REVENUE	INCOME	x	x
EXTRACTION_COGS	INCOME
REFINING_REVENUE	INCOME	x	x
REFINING_COGS	INCOME
CONVERSION_REVENUE	INCOME	x	x
CONVERSION_COGS	INCOME
MANUFACTURING_REVENUE	INCOME	x	x
MANUFACTURING_COGS	INCOME
BIOMES_REVENUE	INCOME	x	x
BIOMES_COGS	INCOME
SERVICES_REVENUE	INCOME	x	x
SERVICES_COGS	INCOME
RESEARCH_REVENUE	INCOME	x	x
RESEARCH_DEVELOPMENT	INCOME
TRADING_GAINS	INCOME	x
EXCHANGE_FEES	INCOME
DEFAULT_PENALTIES	INCOME
DEFAULT_COMPENSATION	INCOME	x
SETTLEMENT_RECEIPTS	CASH_FLOW	x
SETTLEMENT_PAYMENTS	CASH_FLOW
PL_SETTLEMENTS	CASH_FLOW	x
FEES_PAID	CASH_FLOW
BONDS_POSTED	CASH_FLOW
BONDS_RELEASED	CASH_FLOW	x
COMPENSATION_RECEIPTS	CASH_FLOW	x
CASH	BALANCE
BOND_ESCROW	BALANCE
TRADE_RECEIVABLES	BALANCE
