name\Field	module	sublabel	process_group	unique_type	ai_tags	stratum_group	solar	heat	efficiency	civ_power	mass_conversion	fuel_rate	manufacturing	bioproduction	computation	target_deposits	target_rate	overburden	discovered_norm	driver_in_inventory	driver_in_inventory_rates	driver_in_atmos	driver_in_atmos_rates	driver_out_inventory	driver_out_inventory_rates	driver_out_atmos	driver_out_atmos_rates	driver_out_surface	driver_out_surface_rates	in_inventory	in_inventory_rates	in_atmos	in_atmos_rates	out_inventory	out_inventory_rates	out_atmos	out_atmos_rates	out_surface	out_surface_rates	closed_cycle_factor	target_products	maintenance	maintenance_rates	revenue_type	cogs_type
Type	TABLE_ROW	STRING_NAME	Enums.ProcessGroup	Enums.UniqueOperations	ARRAY[STRING_NAME]	TABLE_ROW	FLOAT	FLOAT	FLOAT	FLOAT	FLOAT	FLOAT	FLOAT	FLOAT	FLOAT	ARRAY[TABLE_ROW]	FLOAT	FLOAT	FLOAT	ARRAY[TABLE_ROW]	ARRAY[FLOAT]	ARRAY[TABLE_ROW]	ARRAY[FLOAT]	ARRAY[TABLE_ROW]	ARRAY[FLOAT]	ARRAY[TABLE_ROW]	ARRAY[FLOAT]	ARRAY[TABLE_ROW]	ARRAY[FLOAT]	ARRAY[TABLE_ROW]	ARRAY[FLOAT]	ARRAY[TABLE_ROW]	ARRAY[FLOAT]	ARRAY[TABLE_ROW]	ARRAY[FLOAT]	ARRAY[TABLE_ROW]	ARRAY[FLOAT]	ARRAY[TABLE_ROW]	ARRAY[FLOAT]	FLOAT	ARRAY[TABLE_ROW]	ARRAY[TABLE_ROW]	ARRAY[FLOAT]	TABLE_ROW	TABLE_ROW
Unit							MW	MW		MW	t/h	t/h	t/h	t/h	Eflop/s		t/h	t/h			t/h		t/h		t/h		t/h		t/h		t/h		t/h		t/h		t/h		t/h				kg/h		
Default																																								1					
Prefix/OPERATION_	MODULE_		PROCESS_GROUP_			STRATUM_GROUP_										RESOURCE_				RESOURCE_		RESOURCE_		RESOURCE_		RESOURCE_		RESOURCE_		RESOURCE_		RESOURCE_		RESOURCE_		RESOURCE_		RESOURCE_			RESOURCE_	RESOURCE_		LINE_ITEM_	LINE_ITEM_
SOLAR_POWER	SOLAR_ARRAYS		PRODUCTION	SOLAR_POWER			4.00	3.00	0.25	4.00	0	0								LABOR	0.101 h/h													ELECTRICITY	1 MW						ELECTRICITY	ELECTRICAL_EQUIPMENT	0.0235	ENERGY_REVENUE	ENERGY_COGS
GEOTHERMAL_POWER	GEOTHERMAL_PLANTS		PRODUCTION	GEOTHERMAL_POWER				5.67	0.15	6.67	0	0								LABOR	0.101 h/h													ELECTRICITY	1 MW						ELECTRICITY	ELECTRICAL_EQUIPMENT	0.0235	ENERGY_REVENUE	ENERGY_COGS
HYDROPOWER	HYDROELECTRIC_DAMS		PRODUCTION	HYDROPOWER				0.0870	0.92	1.09	0	0								LABOR	0.101 h/h													ELECTRICITY	1 MW						ELECTRICITY	ELECTRICAL_EQUIPMENT	0.0235	ENERGY_REVENUE	ENERGY_COGS
WIND_POWER	WIND_FARMS		PRODUCTION	WIND_POWER				0.0526	0.95	1.05	0	0								LABOR	0.101 h/h													ELECTRICITY	1 MW						ELECTRICITY	ELECTRICAL_EQUIPMENT	0.0235	ENERGY_REVENUE	ENERGY_COGS
TIDAL_POWER	TIDAL_POWER_STATIONS		PRODUCTION	TIDAL_POWER				0.111	0.90	1.11	0	0								LABOR	0.101 h/h													ELECTRICITY	1 MW						ELECTRICITY	ELECTRICAL_EQUIPMENT	0.0235	ENERGY_REVENUE	ENERGY_COGS
HYDROGEN_POWER	COMBUSTION_POWER_PLANTS	RESOURCE_HYDROGEN	PRODUCTION					1.22	0.45	2.22	0.600	0.0667								HYDROGEN;LABOR	0.0667;0.101 h/h	OXYGEN	0.533			WATER	0.600							ELECTRICITY	1 MW					1.08	ELECTRICITY	HEAVY_MACHINERY;FINE_CHEMICALS	0.0604;0.0235	ENERGY_REVENUE	ENERGY_COGS
METHANE_POWER	COMBUSTION_POWER_PLANTS	RESOURCE_METHANE	PRODUCTION					1.00	0.50	2.00	0.720	0.144								METHANE;LABOR	0.144;0.101 h/h	OXYGEN	0.576			CARBON_DIOXIDE;WATER	0.396;0.324							ELECTRICITY	1 MW					1.13	ELECTRICITY	HEAVY_MACHINERY;FINE_CHEMICALS	0.0604;0.0235	ENERGY_REVENUE	ENERGY_COGS
METHANOL_POWER	COMBUSTION_POWER_PLANTS	RESOURCE_METHANOL	PRODUCTION					1.38	0.42	2.38	1.077	0.431								METHANOL;LABOR	0.431;0.101 h/h	OXYGEN	0.646			CARBON_DIOXIDE;WATER	0.592;0.485							ELECTRICITY	1 MW					1.13	ELECTRICITY	HEAVY_MACHINERY;FINE_CHEMICALS	0.0604;0.0235	ENERGY_REVENUE	ENERGY_COGS
ETHANOL_POWER	COMBUSTION_POWER_PLANTS	RESOURCE_ETHANOL	PRODUCTION					1.38	0.42	2.38	0.988	0.320								ETHANOL;LABOR	0.320;0.101 h/h	OXYGEN	0.668			CARBON_DIOXIDE;WATER	0.612;0.376							ELECTRICITY	1 MW					1.13	ELECTRICITY	HEAVY_MACHINERY;FINE_CHEMICALS	0.0604;0.0235	ENERGY_REVENUE	ENERGY_COGS
LIQ_HYDROCARBONS_POWER	COMBUSTION_POWER_PLANTS	RESOURCE_LIQ_HYDROCARBONS	PRODUCTION					1.38	0.42	2.38	0.876	0.199								LIQ_HYDROCARBONS;LABOR	0.199;0.101 h/h	OXYGEN	0.677			CARBON_DIOXIDE;WATER	0.625;0.251							ELECTRICITY	1 MW					1.12	ELECTRICITY	HEAVY_MACHINERY;FINE_CHEMICALS	0.0604;0.0235	ENERGY_REVENUE	ENERGY_COGS
OIL_POWER	COMBUSTION_POWER_PLANTS	RESOURCE_OIL	PRODUCTION					1.63	0.38	2.63	0.997	0.237								OIL;LABOR	0.237;0.102 h/h	OXYGEN	0.760	SULFUR;INDUST_WASTE	3.56e-3;3.32e-3	CARBON_DIOXIDE;WATER	0.734;0.256							ELECTRICITY	1 MW					1.13	ELECTRICITY	HEAVY_MACHINERY;FINE_CHEMICALS	0.0604;0.0235	ENERGY_REVENUE	ENERGY_COGS
COAL_POWER	COMBUSTION_POWER_PLANTS	RESOURCE_COAL	PRODUCTION					1.38	0.42	2.38	1.051	0.343								COAL;LABOR	0.343;0.106 h/h	OXYGEN	0.708	SULFUR;INDUST_WASTE	5.15e-3;0.0463	CARBON_DIOXIDE;WATER	0.830;0.170							ELECTRICITY	1 MW					1.15	ELECTRICITY	HEAVY_MACHINERY;FINE_CHEMICALS	0.0604;0.0235	ENERGY_REVENUE	ENERGY_COGS
HYDROGEN_FUEL_CELLS	FUEL_CELLS	RESOURCE_HYDROGEN	PRODUCTION					0.818	0.55	1.82	0.491	0.0545								HYDROGEN;LABOR	0.0545;0.101 h/h	OXYGEN	0.436			WATER	0.491							ELECTRICITY	1 MW					1.07	ELECTRICITY	HEAVY_MACHINERY;FINE_CHEMICALS	0.0604;0.0235	ENERGY_REVENUE	ENERGY_COGS
METHANE_FUEL_CELLS	FUEL_CELLS	RESOURCE_METHANE	PRODUCTION					0.818	0.55	1.82	0.655	0.131								METHANE;LABOR	0.131;0.101 h/h	OXYGEN	0.524			CARBON_DIOXIDE;WATER	0.360;0.295							ELECTRICITY	1 MW					1.1	ELECTRICITY	HEAVY_MACHINERY;FINE_CHEMICALS	0.0604;0.0235	ENERGY_REVENUE	ENERGY_COGS
METHANOL_FUEL_CELLS	FUEL_CELLS	RESOURCE_METHANOL	PRODUCTION					1.22	0.45	2.22	1.005	0.402								METHANOL;LABOR	0.402;0.101 h/h	OXYGEN	0.603			CARBON_DIOXIDE;WATER	0.553;0.452							ELECTRICITY	1 MW					1.12	ELECTRICITY	HEAVY_MACHINERY;FINE_CHEMICALS	0.0604;0.0235	ENERGY_REVENUE	ENERGY_COGS
LEU_FISSION_POWER	LEU_NUCLEAR_PLANTS		PRODUCTION					1.94	0.34	2.94	3.47e-6	3.47e-6								LE_URANIUM_FUEL;LABOR	3.47e-6;0.102 h/h			SPENT_URANIUM_FUEL	3.47e-6									ELECTRICITY	1 MW						ELECTRICITY	HEAVY_MACHINERY;FINE_CHEMICALS	0.0604;0.0235	ENERGY_REVENUE	ENERGY_COGS
HEU_FISSION_POWER	HEU_NUCLEAR_REACTORS		PRODUCTION					2.33	0.30	3.33	3.70e-6	3.70e-6								HE_URANIUM_FUEL;LABOR	3.70e-6;0.102 h/h			SPENT_URANIUM_FUEL	3.70e-6									ELECTRICITY	1 MW						ELECTRICITY	HEAVY_MACHINERY;FINE_CHEMICALS	0.0604;0.0235	ENERGY_REVENUE	ENERGY_COGS
THORIUM_FISSION_POWER	THORIUM_NUCLEAR_PLANTS		PRODUCTION					1.94	0.34	2.94	4.36e-6	4.36e-6								THORIUM_FUEL;LABOR	4.36e-6;0.102 h/h			SPENT_THORIUM_FUEL	4.36e-6									ELECTRICITY	1 MW						ELECTRICITY	HEAVY_MACHINERY;FINE_CHEMICALS	0.0604;0.0235	ENERGY_REVENUE	ENERGY_COGS
D_T_FUSION_POWER	D_T_FUSION_PLANTS		PRODUCTION					1.50	0.40	2.50	3.35e-8	3.35e-8								DEUTERIUM;INDUST_METALS;LABOR	8.39e-9;2.51e-8;0.101 h/h			HELIUM	3.35e-8									ELECTRICITY	1 MW						ELECTRICITY	HEAVY_MACHINERY;FINE_CHEMICALS	0.0604;0.0235	ENERGY_REVENUE	ENERGY_COGS
D_3HE_FUSION_POWER	D_3HE_FUSION_PLANTS		PRODUCTION					1.00	0.50	2.00	2.05e-8	2.05e-8								DEUTERIUM;HELIUM_3;LABOR	8.22e-9;1.23e-8;0.101 h/h			HELIUM;HYDROGEN	1.63e-8;4.20e-9									ELECTRICITY	1 MW						ELECTRICITY	HEAVY_MACHINERY;FINE_CHEMICALS	0.0604;0.0235	ENERGY_REVENUE	ENERGY_COGS
3HE_3HE_FUSION_POWER	3HE_3HE_FUSION_PLANTS		PRODUCTION					0.818	0.55	1.82	3.18e-8	3.18e-8								HELIUM_3;LABOR	3.18e-8;0.101 h/h			HELIUM;HYDROGEN	2.11e-8;1.07e-8									ELECTRICITY	1 MW						ELECTRICITY	HEAVY_MACHINERY;FINE_CHEMICALS	0.0604;0.0235	ENERGY_REVENUE	ENERGY_COGS
RADIOISOTOPE_POWER	RADIOISOTOPE_GENERATORS		PRODUCTION					9.00	0.10	10.0	0	0								LABOR	0.101 h/h													ELECTRICITY	1 MW						ELECTRICITY	ELECTRICAL_EQUIPMENT	0.0235	ENERGY_REVENUE	ENERGY_COGS
ATMOSPHERE_SEPARATION	ATMOSPHERE_PROCESSORS		PRODUCTION			ATMOSPHERE		0.50	0.50								12.0	0	1.0	ELECTRICITY;LABOR	1 MW;1.85 h/h																					HEAVY_MACHINERY;STEEL	1.8;12	EXTRACTION_REVENUE	EXTRACTION_COGS
CONT_SURFACE_WATER_TREATMENT	CONT_SURFACE_RESERVOIRS_TREATMENT_PLANTS		PRODUCTION			CONT_SURFACE		0.45	0.55							WATER	2500	0	0.40	ELECTRICITY;LABOR	1 MW;27.8 h/h																				WATER	HEAVY_MACHINERY;STEEL	15;100	EXTRACTION_REVENUE	EXTRACTION_COGS
CONT_SURFACE_BRINE_EXTRACTION	CONT_SURFACE_BRINE_PROCESSING_PLANTS		PRODUCTION			CONT_SURFACE		0.55	0.45							INDUST_MINERALS;INDUST_METAL_ORES	2.1	0	0.98	ELECTRICITY;LABOR	1 MW;0.356 h/h																				INDUST_MINERALS;INDUST_METAL_ORES	HEAVY_MACHINERY;STEEL	0.283;1.89	EXTRACTION_REVENUE	EXTRACTION_COGS
CONT_SURFACE_STONE_QUARRYING	CONT_SURFACE_QUARRIES	RESOURCE_STONE	PRODUCTION			CONT_SURFACE		0.50	0.50							STONE	250	0	1.0	ELECTRICITY;LABOR	1 MW;16.2 h/h																				STONE	HEAVY_MACHINERY;STEEL	18.8;125	EXTRACTION_REVENUE	EXTRACTION_COGS
CONT_SURFACE_REGOLITH_QUARRYING	CONT_SURFACE_QUARRIES	RESOURCE_REGOLITH	PRODUCTION			CONT_SURFACE		0.45	0.55							REGOLITH	367	0	0.77	ELECTRICITY;LABOR	1 MW;4.84 h/h																				REGOLITH	HEAVY_MACHINERY;STEEL	8.81;58.7	EXTRACTION_REVENUE	EXTRACTION_COGS
CONT_SURFACE_COAL_MINING	CONT_SURFACE_MINES	RESOURCE_COAL	PRODUCTION			CONT_SURFACE		0.58	0.42							COAL	56.0	80	0.045	ELECTRICITY;LABOR	1 MW;28.2 h/h																				COAL	HEAVY_MACHINERY;STEEL	21.8;146	EXTRACTION_REVENUE	EXTRACTION_COGS
CONT_SURFACE_IRON_MINING	CONT_SURFACE_MINES	RESOURCE_IRON	PRODUCTION			CONT_SURFACE		0.58	0.42							IRON_NICKEL;IRON_ORES	70.0	35	0.011	ELECTRICITY;LABOR	1 MW;3.75 h/h																				IRON_NICKEL;IRON_ORES	HEAVY_MACHINERY;STEEL	168;1.12e+03	EXTRACTION_REVENUE	EXTRACTION_COGS
CONT_SURFACE_ALUMINIUM_MINING	CONT_SURFACE_MINES	RESOURCE_ALUMINIUM	PRODUCTION			CONT_SURFACE		0.55	0.45							ALUMINIUM_ORES	120	60	0.0053	ELECTRICITY;LABOR	1 MW;7.77 h/h																				ALUMINIUM_ORES	HEAVY_MACHINERY;STEEL	19.8;132	EXTRACTION_REVENUE	EXTRACTION_COGS
CONT_SURFACE_INDUST_METALS_MINING	CONT_SURFACE_MINES	RESOURCE_INDUST_METALS	PRODUCTION			CONT_SURFACE		0.62	0.38							INDUST_METAL_ORES	18.1	35	0.027	ELECTRICITY;LABOR	1 MW;30.8 h/h																				INDUST_METAL_ORES	HEAVY_MACHINERY;STEEL	29.9;199	EXTRACTION_REVENUE	EXTRACTION_COGS
CONT_SURFACE_PRECIOUS_METALS_MINING	CONT_SURFACE_MINES	RESOURCE_PRECIOUS_METALS	PRODUCTION			CONT_SURFACE		0.68	0.32							PRECIOUS_METAL_ORES	8.0	25	0.003	ELECTRICITY;LABOR	1 MW;152 h/h																				PRECIOUS_METAL_ORES	HEAVY_MACHINERY;STEEL	108;720	EXTRACTION_REVENUE	EXTRACTION_COGS
CONT_SURFACE_URANIUM_MINING	CONT_SURFACE_MINES	RESOURCE_URANIUM	PRODUCTION			CONT_SURFACE		0.68	0.32							URANIUM_ORES	9.1	25	0.004	ELECTRICITY;LABOR	1 MW;133 h/h																				URANIUM_ORES	HEAVY_MACHINERY;STEEL	218;1.46e+03	EXTRACTION_REVENUE	EXTRACTION_COGS
CONT_SURFACE_RARE_EARTHS_MINING	CONT_SURFACE_MINES	RESOURCE_RARE_EARTHS	PRODUCTION			CONT_SURFACE		0.65	0.35							RARE_EARTH_ORES	14.6	30	0.0075	ELECTRICITY;LABOR	1 MW;74.6 h/h																				RARE_EARTH_ORES	HEAVY_MACHINERY;STEEL	219;1.46e+03	EXTRACTION_REVENUE	EXTRACTION_COGS
CONT_SURFACE_SULFUR_MINING	CONT_SURFACE_MINES	RESOURCE_SULFUR	PRODUCTION			CONT_SURFACE		0.55	0.45							SULFUR	115	35	0.018	ELECTRICITY;LABOR	1 MW;34.5 h/h																				SULFUR	HEAVY_MACHINERY;STEEL	51.8;345	EXTRACTION_REVENUE	EXTRACTION_COGS
CONT_SURFACE_ORGANICS_MINING	CONT_SURFACE_MINES	RESOURCE_ORGANICS_THOLINS	PRODUCTION			CONT_SURFACE		0.60	0.40							ORGANICS_THOLINS	50.0	50	0.036	ELECTRICITY;LABOR	1 MW;3.64 h/h																				ORGANICS_THOLINS	HEAVY_MACHINERY;STEEL	11.2;75	EXTRACTION_REVENUE	EXTRACTION_COGS
CONT_SURFACE_INDUST_MINERALS_MINING	CONT_SURFACE_MINES	RESOURCE_INDUST_MINERALS	PRODUCTION			CONT_SURFACE		0.55	0.45							INDUST_MINERALS	100	50	0.95	ELECTRICITY;LABOR	1 MW;12.7 h/h																				INDUST_MINERALS	HEAVY_MACHINERY;STEEL	13.5;90	EXTRACTION_REVENUE	EXTRACTION_COGS
CONT_NEAR_SURFACE_COAL_MINING	CONT_NEAR_SURFACE_MINES	RESOURCE_COAL	PRODUCTION			CONT_NEAR_SURFACE		0.68	0.32							COAL	19.6	1.7	0.021	ELECTRICITY;LABOR	1 MW;16 h/h																				COAL	HEAVY_MACHINERY;STEEL	7.64;51	EXTRACTION_REVENUE	EXTRACTION_COGS
CONT_NEAR_SURFACE_IRON_MINING	CONT_NEAR_SURFACE_MINES	RESOURCE_IRON	PRODUCTION			CONT_NEAR_SURFACE		0.68	0.32							IRON_NICKEL;IRON_ORES	13.6	2.4	0.0039	ELECTRICITY;LABOR	1 MW;3.27 h/h																				IRON_NICKEL;IRON_ORES	HEAVY_MACHINERY;STEEL	32.6;218	EXTRACTION_REVENUE	EXTRACTION_COGS
CONT_NEAR_SURFACE_ALUMINIUM_MINING	CONT_NEAR_SURFACE_MINES	RESOURCE_ALUMINIUM	PRODUCTION			CONT_NEAR_SURFACE		0.66	0.34							ALUMINIUM_ORES	25.7	2.9	0.0017	ELECTRICITY;LABOR	1 MW;10.8 h/h																				ALUMINIUM_ORES	HEAVY_MACHINERY;STEEL	4.24;28.3	EXTRACTION_REVENUE	EXTRACTION_COGS
CONT_NEAR_SURFACE_INDUST_METALS_MINING	CONT_NEAR_SURFACE_MINES	RESOURCE_INDUST_METALS	PRODUCTION			CONT_NEAR_SURFACE		0.71	0.29							INDUST_METAL_ORES	9.2	2.3	0.019	ELECTRICITY;LABOR	1 MW;37.9 h/h																				INDUST_METAL_ORES	HEAVY_MACHINERY;STEEL	15.2;101	EXTRACTION_REVENUE	EXTRACTION_COGS
CONT_NEAR_SURFACE_PRECIOUS_METALS_MINING	CONT_NEAR_SURFACE_MINES	RESOURCE_PRECIOUS_METALS	PRODUCTION			CONT_NEAR_SURFACE		0.76	0.24							PRECIOUS_METAL_ORES	6.1	2.0	0.0031	ELECTRICITY;LABOR	1 MW;30.4 h/h																				PRECIOUS_METAL_ORES	HEAVY_MACHINERY;STEEL	52.8;352	EXTRACTION_REVENUE	EXTRACTION_COGS
CONT_NEAR_SURFACE_URANIUM_MINING	CONT_NEAR_SURFACE_MINES	RESOURCE_URANIUM	PRODUCTION			CONT_NEAR_SURFACE		0.76	0.24							URANIUM_ORES	6.1	2.0	0.0036	ELECTRICITY;LABOR	1 MW;63.9 h/h																				URANIUM_ORES	HEAVY_MACHINERY;STEEL	52.8;352	EXTRACTION_REVENUE	EXTRACTION_COGS
CONT_NEAR_SURFACE_RARE_EARTHS_MINING	CONT_NEAR_SURFACE_MINES	RESOURCE_RARE_EARTHS	PRODUCTION			CONT_NEAR_SURFACE		0.73	0.27							RARE_EARTH_ORES	8.5	2.1	0.0059	ELECTRICITY;LABOR	1 MW;45.4 h/h																				RARE_EARTH_ORES	HEAVY_MACHINERY;STEEL	69.1;461	EXTRACTION_REVENUE	EXTRACTION_COGS
CONT_NEAR_SURFACE_SULFUR_MINING	CONT_NEAR_SURFACE_MINES	RESOURCE_SULFUR	PRODUCTION			CONT_NEAR_SURFACE		0.66	0.34							SULFUR	21.0	1.8	0.0044	ELECTRICITY;LABOR	1 MW;2.48 h/h																				SULFUR	HEAVY_MACHINERY;STEEL	9.45;63	EXTRACTION_REVENUE	EXTRACTION_COGS
CONT_NEAR_SURFACE_ORGANICS_MINING	CONT_NEAR_SURFACE_MINES	RESOURCE_ORGANICS_THOLINS	PRODUCTION			CONT_NEAR_SURFACE		0.70	0.30							ORGANICS_THOLINS	14.9	2.0	0.13	ELECTRICITY;LABOR	1 MW;2.24 h/h																				ORGANICS_THOLINS	HEAVY_MACHINERY;STEEL	3.35;22.4	EXTRACTION_REVENUE	EXTRACTION_COGS
CONT_NEAR_SURFACE_INDUST_MINERALS_MINING	CONT_NEAR_SURFACE_MINES	RESOURCE_INDUST_MINERALS	PRODUCTION			CONT_NEAR_SURFACE		0.66	0.34							INDUST_MINERALS	20.5	2.3	0.86	ELECTRICITY;LABOR	1 MW;2.68 h/h																				INDUST_MINERALS	HEAVY_MACHINERY;STEEL	2.77;18.5	EXTRACTION_REVENUE	EXTRACTION_COGS
CONT_NEAR_SURFACE_GAS_DRILLING	CONT_NEAR_SURFACE_WELLS	TXT_GAS	PRODUCTION			CONT_NEAR_SURFACE		0.70	0.30							METHANE;ETHANE;HELIUM	7.6	0.50	0.0028	ELECTRICITY;LABOR	1 MW;2.51 h/h																				METHANE; ETHANE; HELIUM	HEAVY_MACHINERY;STEEL	6.84;45.6	EXTRACTION_REVENUE	EXTRACTION_COGS
CONT_NEAR_SURFACE_OIL_DRILLING	CONT_NEAR_SURFACE_WELLS	RESOURCE_OIL	PRODUCTION			CONT_NEAR_SURFACE		0.71	0.29							OIL	5.8	0.50	0.004	ELECTRICITY;LABOR	1 MW;5.35 h/h																				OIL	HEAVY_MACHINERY;STEEL	9.57;63.8	EXTRACTION_REVENUE	EXTRACTION_COGS
CONT_NEAR_SURFACE_WATER_DRILLING	CONT_NEAR_SURFACE_WELLS	RESOURCE_WATER	PRODUCTION			CONT_NEAR_SURFACE		0.50	0.50							WATER	800	0.50	0.20	ELECTRICITY;LABOR	1 MW;2.88 h/h																				WATER	HEAVY_MACHINERY;STEEL	4.8;32	EXTRACTION_REVENUE	EXTRACTION_COGS
CONT_SUBSURFACE_COAL_MINING	CONT_SUBSURFACE_MINES	RESOURCE_COAL	PRODUCTION			CONT_SUBSURFACE		0.77	0.23							COAL	8.6	0.65	0.013	ELECTRICITY;LABOR	1 MW;3.19 h/h																				COAL	HEAVY_MACHINERY;STEEL	3.35;22.4	EXTRACTION_REVENUE	EXTRACTION_COGS
CONT_SUBSURFACE_IRON_MINING	CONT_SUBSURFACE_MINES	RESOURCE_IRON	PRODUCTION			CONT_SUBSURFACE		0.77	0.23							IRON_NICKEL;IRON_ORES	6.8	0.92	0.0026	ELECTRICITY;LABOR	1 MW;1.11 h/h																				IRON_NICKEL;IRON_ORES	HEAVY_MACHINERY;STEEL	16.3;109	EXTRACTION_REVENUE	EXTRACTION_COGS
CONT_SUBSURFACE_ALUMINIUM_MINING	CONT_SUBSURFACE_MINES	RESOURCE_ALUMINIUM	PRODUCTION			CONT_SUBSURFACE		0.75	0.25							ALUMINIUM_ORES	11.4	0.99	0.0011	ELECTRICITY;LABOR	1 MW;1.61 h/h																				ALUMINIUM_ORES	HEAVY_MACHINERY;STEEL	1.88;12.5	EXTRACTION_REVENUE	EXTRACTION_COGS
CONT_SUBSURFACE_INDUST_METALS_MINING	CONT_SUBSURFACE_MINES	RESOURCE_INDUST_METALS	PRODUCTION			CONT_SUBSURFACE		0.79	0.21							INDUST_METAL_ORES	4.9	1.1	0.014	ELECTRICITY;LABOR	1 MW;6.98 h/h																				INDUST_METAL_ORES	HEAVY_MACHINERY;STEEL	8.08;53.9	EXTRACTION_REVENUE	EXTRACTION_COGS
CONT_SUBSURFACE_PRECIOUS_METALS_MINING	CONT_SUBSURFACE_MINES	RESOURCE_PRECIOUS_METALS	PRODUCTION			CONT_SUBSURFACE		0.82	0.18							PRECIOUS_METAL_ORES	3.1	0.86	0.0021	ELECTRICITY;LABOR	1 MW;38.2 h/h																				PRECIOUS_METAL_ORES	HEAVY_MACHINERY;STEEL	25.8;172	EXTRACTION_REVENUE	EXTRACTION_COGS
CONT_SUBSURFACE_URANIUM_MINING	CONT_SUBSURFACE_MINES	RESOURCE_URANIUM	PRODUCTION			CONT_SUBSURFACE		0.82	0.18							URANIUM_ORES	3.1	0.86	0.0025	ELECTRICITY;LABOR	1 MW;27.1 h/h																				URANIUM_ORES	HEAVY_MACHINERY;STEEL	25.8;172	EXTRACTION_REVENUE	EXTRACTION_COGS
CONT_SUBSURFACE_RARE_EARTHS_MINING	CONT_SUBSURFACE_MINES	RESOURCE_RARE_EARTHS	PRODUCTION			CONT_SUBSURFACE		0.81	0.19							RARE_EARTH_ORES	3.9	0.87	0.0037	ELECTRICITY;LABOR	1 MW;115 h/h																				RARE_EARTH_ORES	HEAVY_MACHINERY;STEEL	31.1;207	EXTRACTION_REVENUE	EXTRACTION_COGS
CONT_SUBSURFACE_SULFUR_MINING	CONT_SUBSURFACE_MINES	RESOURCE_SULFUR	PRODUCTION			CONT_SUBSURFACE		0.75	0.25							SULFUR	9.3	0.59	0.0026	ELECTRICITY;LABOR	1 MW;1.42 h/h																				SULFUR	HEAVY_MACHINERY;STEEL	4.19;27.9	EXTRACTION_REVENUE	EXTRACTION_COGS
CONT_SUBSURFACE_ORGANICS_MINING	CONT_SUBSURFACE_MINES	RESOURCE_ORGANICS_THOLINS	PRODUCTION			CONT_SUBSURFACE		0.78	0.22							ORGANICS_THOLINS	6.6	0.73	0.15	ELECTRICITY;LABOR	1 MW;1.29 h/h																				ORGANICS_THOLINS	HEAVY_MACHINERY;STEEL	1.49;9.9	EXTRACTION_REVENUE	EXTRACTION_COGS
CONT_SUBSURFACE_INDUST_MINERALS_MINING	CONT_SUBSURFACE_MINES	RESOURCE_INDUST_MINERALS	PRODUCTION			CONT_SUBSURFACE		0.75	0.25							INDUST_MINERALS	9.1	0.79	0.67	ELECTRICITY;LABOR	1 MW;0.778 h/h																				INDUST_MINERALS	HEAVY_MACHINERY;STEEL	1.23;8.19	EXTRACTION_REVENUE	EXTRACTION_COGS
CONT_SUBSURFACE_GAS_DRILLING	CONT_SUBSURFACE_WELLS	TXT_GAS	PRODUCTION			CONT_SUBSURFACE		0.78	0.22							METHANE;ETHANE;HELIUM	3.7	0.30	0.0019	ELECTRICITY;LABOR	1 MW;5.43 h/h																				METHANE; ETHANE; HELIUM	HEAVY_MACHINERY;STEEL	3.33;22.2	EXTRACTION_REVENUE	EXTRACTION_COGS
CONT_SUBSURFACE_OIL_DRILLING	CONT_SUBSURFACE_WELLS	RESOURCE_OIL	PRODUCTION			CONT_SUBSURFACE		0.79	0.21							OIL	3.0	0.30	0.0028	ELECTRICITY;LABOR	1 MW;0.684 h/h																				OIL	HEAVY_MACHINERY;STEEL	4.95;33	EXTRACTION_REVENUE	EXTRACTION_COGS
CONT_SUBSURFACE_WATER_DRILLING	CONT_SUBSURFACE_WELLS	RESOURCE_WATER	PRODUCTION			CONT_SUBSURFACE		0.60	0.40							WATER	400	0.30	0.08	ELECTRICITY;LABOR	1 MW;2.22 h/h																				WATER	HEAVY_MACHINERY;STEEL	2.4;16	EXTRACTION_REVENUE	EXTRACTION_COGS
CONT_DEEP_SUBSURFACE_COAL_MINING	CONT_DEEP_SUBSURFACE_MINES	RESOURCE_COAL	PRODUCTION			CONT_DEEP_SUBSURFACE		0.85	0.15							COAL	3.5	0.22	0.0071	ELECTRICITY;LABOR	1 MW;4.4 h/h																				COAL	HEAVY_MACHINERY;STEEL	1.36;9.1	EXTRACTION_REVENUE	EXTRACTION_COGS
CONT_DEEP_SUBSURFACE_IRON_MINING	CONT_DEEP_SUBSURFACE_MINES	RESOURCE_IRON	PRODUCTION			CONT_DEEP_SUBSURFACE		0.85	0.15							IRON_NICKEL;IRON_ORES	2.6	0.29	0.0014	ELECTRICITY;LABOR	1 MW;0.769 h/h																				IRON_NICKEL;IRON_ORES	HEAVY_MACHINERY;STEEL	6.24;41.6	EXTRACTION_REVENUE	EXTRACTION_COGS
CONT_DEEP_SUBSURFACE_ALUMINIUM_MINING	CONT_DEEP_SUBSURFACE_MINES	RESOURCE_ALUMINIUM	PRODUCTION			CONT_DEEP_SUBSURFACE		0.84	0.16							ALUMINIUM_ORES	4.2	0.32	0.00054	ELECTRICITY;LABOR	1 MW;7.37 h/h																				ALUMINIUM_ORES	HEAVY_MACHINERY;STEEL	0.693;4.62	EXTRACTION_REVENUE	EXTRACTION_COGS
CONT_DEEP_SUBSURFACE_INDUST_METALS_MINING	CONT_DEEP_SUBSURFACE_MINES	RESOURCE_INDUST_METALS	PRODUCTION			CONT_DEEP_SUBSURFACE		0.87	0.13							INDUST_METAL_ORES	2.1	0.36	0.008	ELECTRICITY;LABOR	1 MW;1.42 h/h																				INDUST_METAL_ORES	HEAVY_MACHINERY;STEEL	3.47;23.1	EXTRACTION_REVENUE	EXTRACTION_COGS
CONT_DEEP_SUBSURFACE_PRECIOUS_METALS_MINING	CONT_DEEP_SUBSURFACE_MINES	RESOURCE_PRECIOUS_METALS	PRODUCTION			CONT_DEEP_SUBSURFACE		0.89	0.11							PRECIOUS_METAL_ORES	1.3	0.32	0.0012	ELECTRICITY;LABOR	1 MW;51.9 h/h																				PRECIOUS_METAL_ORES	HEAVY_MACHINERY;STEEL	10.6;70.4	EXTRACTION_REVENUE	EXTRACTION_COGS
CONT_DEEP_SUBSURFACE_URANIUM_MINING	CONT_DEEP_SUBSURFACE_MINES	RESOURCE_URANIUM	PRODUCTION			CONT_DEEP_SUBSURFACE		0.89	0.11							URANIUM_ORES	1.3	0.32	0.0014	ELECTRICITY;LABOR	1 MW;24.7 h/h																				URANIUM_ORES	HEAVY_MACHINERY;STEEL	10.6;70.4	EXTRACTION_REVENUE	EXTRACTION_COGS
CONT_DEEP_SUBSURFACE_RARE_EARTHS_MINING	CONT_DEEP_SUBSURFACE_MINES	RESOURCE_RARE_EARTHS	PRODUCTION			CONT_DEEP_SUBSURFACE		0.88	0.12							RARE_EARTH_ORES	1.7	0.31	0.0022	ELECTRICITY;LABOR	1 MW;7.37 h/h																				RARE_EARTH_ORES	HEAVY_MACHINERY;STEEL	13.1;87.4	EXTRACTION_REVENUE	EXTRACTION_COGS
CONT_DEEP_SUBSURFACE_SULFUR_MINING	CONT_DEEP_SUBSURFACE_MINES	RESOURCE_SULFUR	PRODUCTION			CONT_DEEP_SUBSURFACE		0.84	0.16							SULFUR	3.7	0.20	0.0014	ELECTRICITY;LABOR	1 MW;7.37 h/h																				SULFUR	HEAVY_MACHINERY;STEEL	1.66;11.1	EXTRACTION_REVENUE	EXTRACTION_COGS
CONT_DEEP_SUBSURFACE_ORGANICS_MINING	CONT_DEEP_SUBSURFACE_MINES	RESOURCE_ORGANICS_THOLINS	PRODUCTION			CONT_DEEP_SUBSURFACE		0.86	0.14							ORGANICS_THOLINS	2.6	0.22	0.20	ELECTRICITY;LABOR	1 MW;7.37 h/h																				ORGANICS_THOLINS	HEAVY_MACHINERY;STEEL	0.585;3.9	EXTRACTION_REVENUE	EXTRACTION_COGS
CONT_DEEP_SUBSURFACE_INDUST_MINERALS_MINING	CONT_DEEP_SUBSURFACE_MINES	RESOURCE_INDUST_MINERALS	PRODUCTION			CONT_DEEP_SUBSURFACE		0.84	0.16							INDUST_MINERALS	3.7	0.28	0.37	ELECTRICITY;LABOR	1 MW;7.37 h/h																				INDUST_MINERALS	HEAVY_MACHINERY;STEEL	0.499;3.33	EXTRACTION_REVENUE	EXTRACTION_COGS
CONT_DEEP_SUBSURFACE_GAS_DRILLING	CONT_DEEP_SUBSURFACE_WELLS	TXT_GAS	PRODUCTION			CONT_DEEP_SUBSURFACE		0.86	0.14							METHANE;ETHANE;HELIUM	1.4	0.20	0.0011	ELECTRICITY;LABOR	1 MW;5.91 h/h																				METHANE; ETHANE; HELIUM	HEAVY_MACHINERY;STEEL	1.26;8.4	EXTRACTION_REVENUE	EXTRACTION_COGS
CONT_DEEP_SUBSURFACE_OIL_DRILLING	CONT_DEEP_SUBSURFACE_WELLS	RESOURCE_OIL	PRODUCTION			CONT_DEEP_SUBSURFACE		0.87	0.13							OIL	1.1	0.20	0.003	ELECTRICITY;LABOR	1 MW;0.789 h/h																				OIL	HEAVY_MACHINERY;STEEL	1.81;12.1	EXTRACTION_REVENUE	EXTRACTION_COGS
CONT_EXTREME_SUBSURFACE_GAS_DRILLING	CONT_EXTREME_SUBSURFACE_WELLS	TXT_GAS	PRODUCTION			CONT_EXTREME_SUBSURFACE		0.90	0.10							METHANE;ETHANE;HELIUM	0.50	0.10	0.0015	ELECTRICITY;LABOR	1 MW;1.74 h/h																				METHANE; ETHANE; HELIUM	HEAVY_MACHINERY;STEEL	0.45;3	EXTRACTION_REVENUE	EXTRACTION_COGS
OCEAN_DESALINATION	OCEAN_DESALINATION_PLANTS		PRODUCTION			OCEAN		0.50	0.50							WATER;INDUST_MINERALS;INDUST_METAL_ORES;URANIUM_ORES	401	0	1.005	ELECTRICITY;LABOR	1 MW;3.99 h/h																				WATER;INDUST_MINERALS;INDUST_METAL_ORES;URANIUM_ORES	HEAVY_MACHINERY;STEEL	2.41;16	EXTRACTION_REVENUE	EXTRACTION_COGS
REGOLITH_VOLATILES_EXTRACTION	REGOLITH_VOLATILES_EXTRACTION_PLANTS		PRODUCTION			REGOLITH		0.65	0.35								2.5	0.2	1.0	ELECTRICITY;LABOR	1 MW;7.37 h/h																					HEAVY_MACHINERY;STEEL	0.405;2.7	EXTRACTION_REVENUE	EXTRACTION_COGS
HYDROCARBON_BODIES_SEPARATION	HYDROCARBON_BODIES_PROCESSORS		PRODUCTION			HYDROCARBON_BODIES		0.55	0.45							METHANE;ETHANE	20.0	0	0.95	ELECTRICITY;LABOR	1 MW;4.42 h/h																				METHANE;ETHANE	HEAVY_MACHINERY;STEEL	18;120	EXTRACTION_REVENUE	EXTRACTION_COGS
OIL_REFINING	OIL_REFINERIES		PRODUCTION					0.0100	0.90	0	1.05									ELECTRICITY;LABOR	0.10 MW;0.392 h/h									OIL;HYDROGEN;WATER	0.979;0.021;0.050			LIQ_HYDROCARBONS;METHANE;CARBON;SULFUR;INDUST_WASTE	0.881;0.050;0.040;0.014;0.015			WATER	0.050	1.01	LIQ_HYDROCARBONS;METHANE;CARBON;SULFUR	HEAVY_MACHINERY;GLASS_CERAMICS;FINE_CHEMICALS	0.665;6.35;0.291	REFINING_REVENUE	REFINING_COGS
IRON_NICKEL_REFINING	IRON_NICKEL_REFINERIES		PRODUCTION					0.0525	0.85	0	1									ELECTRICITY;LABOR	0.35 MW;1.67 h/h									IRON_NICKEL	1			IRON;INDUST_METALS;SULFUR;INDUST_WASTE	0.910;0.086;0.002;0.002						IRON;INDUST_METALS;SULFUR	HEAVY_MACHINERY;GLASS_CERAMICS;FINE_CHEMICALS	0.724;6.91;0.317	REFINING_REVENUE	REFINING_COGS
IRON_ORE_SMELTING	STEEL_MILLS		PRODUCTION					0.0134	0.85	0	2.332									ELECTRICITY;LABOR	0.0892 MW;0.714 h/h									IRON_ORES;CARBON;OXYGEN;WATER	1.417;0.344;0.094;0.100	OXYGEN	0.377	IRON;INDUST_WASTE	0.832;0.328	CARBON_DIOXIDE	1.071	WATER	0.100	3.47	IRON	HEAVY_MACHINERY;GLASS_CERAMICS;FINE_CHEMICALS	0.394;3.76;0.172	REFINING_REVENUE	REFINING_COGS
BASIC_O2_STEELMAKING	STEEL_MILLS		PRODUCTION					0.00360	0.88	0	1.05									ELECTRICITY;LABOR	0.03 MW;0.923 h/h									IRON;OXYGEN;INDUST_MINERALS;INDUST_METALS;WATER	0.832;0.093;0.063;0.012;0.050			STEEL;INDUST_WASTE	0.793;0.094	CARBON_DIOXIDE	0.113	WATER	0.050	1.82	STEEL	HEAVY_MACHINERY;GLASS_CERAMICS;FINE_CHEMICALS	0.489;4.67;0.214	REFINING_REVENUE	REFINING_COGS
H2_REDUCTION_STEELMAKING	STEEL_MILLS		PRODUCTION					0.0534	0.85	0	1.482									ELECTRICITY;LABOR	0.356 MW;0.939 h/h									IRON_ORES;HYDROGEN;INDUST_METALS;CARBON	1.426;0.0415;0.0119;0.00296			STEEL;INDUST_WASTE	0.793;0.311	WATER	0.378			1.09	STEEL	HEAVY_MACHINERY;GLASS_CERAMICS;FINE_CHEMICALS	0.487;4.65;0.213	REFINING_REVENUE	REFINING_COGS
ELECTRIC_STEELMAKING	STEEL_MILLS		PRODUCTION					0.0800	0.80	0	1.04									ELECTRICITY;LABOR	0.40 MW;0.923 h/h									IRON;OXYGEN;INDUST_MINERALS;INDUST_METALS;WATER	0.832;0.093;0.063;0.012;0.040			STEEL;INDUST_WASTE	0.793;0.094	CARBON_DIOXIDE	0.113	WATER	0.040	1.06	STEEL	HEAVY_MACHINERY;GLASS_CERAMICS;FINE_CHEMICALS	0.489;4.67;0.214	REFINING_REVENUE	REFINING_COGS
SOLAR_STEELMAKING	SOLAR_FURNACES		PRODUCTION				1.50	0.456	0.70	1.50	1									ELECTRICITY;LABOR	0.02 MW;0.816 h/h									IRON_ORES;CARBON;INDUST_METALS	0.840;0.150;0.010			STEEL;CARBON_MONOXIDE;INDUST_WASTE	0.479;0.346;0.175						STEEL	HEAVY_MACHINERY;GLASS_CERAMICS;FINE_CHEMICALS	0.397;3.79;0.174	REFINING_REVENUE	REFINING_COGS
ALUMINIUM_REFINING	ALUMINIUM_SMELTERS		PRODUCTION					0.420	0.85	0	1.25									ELECTRICITY;LABOR	2.80 MW;0.934 h/h									ALUMINIUM_ORES;CARBON;WATER	0.938;0.062;0.250			ALUMINIUM;INDUST_WASTE	0.186;0.587	CARBON_DIOXIDE	0.227	WATER	0.250	1.02	ALUMINIUM	HEAVY_MACHINERY;GLASS_CERAMICS;FINE_CHEMICALS	0.423;4.03;0.185	REFINING_REVENUE	REFINING_COGS
INDUST_METALS_REFINING	INDUST_METALS_SMELTERS		PRODUCTION					0.117	0.82	0	1.1									ELECTRICITY;LABOR	0.65 MW;2.85 h/h									INDUST_METAL_ORES;CARBON;OXYGEN;WATER	0.890;0.060;0.050;0.100			INDUST_METALS;IRON;SULFUR;CARBON_MONOXIDE;INDUST_WASTE	0.242;0.133;0.089;0.142;0.394			WATER	0.100	1.01	INDUST_METALS;IRON;SULFUR	HEAVY_MACHINERY;GLASS_CERAMICS;FINE_CHEMICALS	1.26;12;0.549	REFINING_REVENUE	REFINING_COGS
PRECIOUS_METALS_REFINING	PRECIOUS_METALS_REFINERIES		PRODUCTION					0.0750	0.85	0	1.1									ELECTRICITY;LABOR	0.5 MW;90.6 h/h									PRECIOUS_METAL_ORES;WATER	1;0.100			PRECIOUS_METALS;INDUST_WASTE	8.70e-4;0.999			WATER	0.100	1.01	PRECIOUS_METALS	HEAVY_MACHINERY;GLASS_CERAMICS;FINE_CHEMICALS	5.01;47.8;2.19	REFINING_REVENUE	REFINING_COGS
RARE_EARTHS_REFINING	RARE_EARTHS_REFINERIES		PRODUCTION					0.300	0.80	0	1.25									ELECTRICITY;LABOR	1.50 MW;30 h/h									RARE_EARTH_ORES;INDUST_CHEMICALS;WATER	0.970;0.030;0.250			RARE_EARTHS;THORIUM;INDUST_WASTE	0.413;0.004;0.583			WATER	0.250	1.01	RARE_EARTHS;THORIUM	HEAVY_MACHINERY;GLASS_CERAMICS;FINE_CHEMICALS	5.69;54.3;2.49	REFINING_REVENUE	REFINING_COGS
URANIUM_REFINING	URANIUM_PROCESSING_PLANTS		PRODUCTION					0.00750	0.85	0	1.15									ELECTRICITY;LABOR	0.05 MW;20.1 h/h									URANIUM_ORES;INDUST_CHEMICALS;WATER	0.971;0.029;0.150			URANIUM;INDUST_METALS;THORIUM;INDUST_WASTE	0.086;0.006;0.002;0.906			WATER	0.150	1.01	URANIUM;INDUST_METALS;THORIUM	HEAVY_MACHINERY;GLASS_CERAMICS;FINE_CHEMICALS	5.24;50;2.29	REFINING_REVENUE	REFINING_COGS
REGOLITH_PROCESSING	REGOLITH_PROCESSING_PLANTS		PRODUCTION					1.50	0.70	0	1									ELECTRICITY;LABOR	5.00 MW;0.531 h/h									REGOLITH	1			OXYGEN;IRON;ALUMINIUM;INDUST_WASTE	0.440;0.110;0.070;0.380						OXYGEN;IRON;ALUMINIUM	HEAVY_MACHINERY;GLASS_CERAMICS;FINE_CHEMICALS	0.226;2.15;0.0987	REFINING_REVENUE	REFINING_COGS
DEUTERIUM_PURIFICATION	ISOTOPE_SEPARATION_PLANTS		PRODUCTION					20.0	0.80	0	1									ELECTRICITY;LABOR	100 MW;1.33e+03 h/h									WATER	1			DEUTERIUM;OXYGEN	0.2;0.8						DEUTERIUM	HEAVY_MACHINERY;GLASS_CERAMICS;FINE_CHEMICALS	4.55;43.5;1.99	REFINING_REVENUE	REFINING_COGS
MUNICIPAL_RECYC_INCINERATION	RECYC_CENTERS		PRODUCTION					0.0800	0.75	0.320	1									MUNICIPAL_WASTE;LABOR	0.478;0.532 h/h	OXYGEN	0.522	STEEL;ALUMINIUM;POLYMERS;INDUST_WASTE	0.031;0.012;0.029;0.143	CARBON_DIOXIDE;WATER	0.613;0.172							ELECTRICITY	0.24 MW					1.85	STEEL;ALUMINIUM;POLYMERS	HEAVY_MACHINERY;GLASS_CERAMICS;FINE_CHEMICALS	0.138;1.32;0.0605	REFINING_REVENUE	REFINING_COGS
INDUST_RECYC_INCINERATION	INDUST_RECYC_FACILITIES		PRODUCTION					0.0600	0.80	0	1									ELECTRICITY;LABOR	0.30 MW;0.994 h/h									INDUST_WASTE	0.990	OXYGEN	0.010	STEEL;INDUST_METALS;REGOLITH	0.178;0.020;0.782	CARBON_DIOXIDE	0.020			1.02	STEEL;INDUST_METALS	HEAVY_MACHINERY;GLASS_CERAMICS;FINE_CHEMICALS	0.208;1.99;0.0911	REFINING_REVENUE	REFINING_COGS
URANIUM_FUEL_REPROCESSING	NUCLEAR_FUEL_REPROCESSING_PLANTS	RESOURCE_URANIUM	PRODUCTION					0.0180	0.85	0	1									ELECTRICITY;LABOR	0.12 MW;108 h/h									SPENT_URANIUM_FUEL;INDUST_CHEMICALS;INDUST_MINERALS	0.415;0.136;0.449			URANIUM;RADIOACTIVE_WASTE;WATER	0.404;0.551;0.045						URANIUM	HEAVY_MACHINERY;GLASS_CERAMICS;FINE_CHEMICALS	4.55;43.5;1.99	REFINING_REVENUE	REFINING_COGS
THORIUM_FUEL_REPROCESSING	NUCLEAR_FUEL_REPROCESSING_PLANTS	RESOURCE_THORIUM	PRODUCTION					0.00953	0.85	0	0.635									ELECTRICITY;LABOR	0.0635 MW;16 h/h									SPENT_THORIUM_FUEL;INDUST_CHEMICALS;INDUST_MINERALS	0.415;0.00508;0.215			THORIUM;URANIUM;RADIOACTIVE_WASTE;WATER	0.309;0.0133;0.309;0.00381						THORIUM;URANIUM	HEAVY_MACHINERY;GLASS_CERAMICS;FINE_CHEMICALS	2.89;27.6;1.26	REFINING_REVENUE	REFINING_COGS
WATER_ELECTROLYSIS	ELECTROLYSIS_PLANTS		PRODUCTION					1.10	0.80	0	1									ELECTRICITY;LABOR	5.50 MW;0.596 h/h									WATER	1			HYDROGEN;OXYGEN	0.112;0.888						HYDROGEN;OXYGEN	FINE_CHEMICALS;HEAVY_MACHINERY	0.254;0.436	CONVERSION_REVENUE	CONVERSION_COGS
CO2_ELECTROLYSIS	ELECTROLYSIS_PLANTS		PRODUCTION					1.375	0.75	0	2.311									ELECTRICITY;LABOR	5.50 MW;0.929 h/h									CARBON_DIOXIDE	2.311			CARBON_MONOXIDE;OXYGEN	1.470;0.841						CARBON_MONOXIDE;OXYGEN	FINE_CHEMICALS;HEAVY_MACHINERY	0.364;0.623	CONVERSION_REVENUE	CONVERSION_COGS
CO2_METHANATION	CATALYTIC_REACTOR_PLANTS		PRODUCTION					0.225	0.85	0	16.67									ELECTRICITY;LABOR	1.50 MW;2.55 h/h									CARBON_DIOXIDE;HYDROGEN	14.09;2.584			METHANE;WATER	5.134;11.54						METHANE	FINE_CHEMICALS;HEAVY_MACHINERY	5.73;9.82	CONVERSION_REVENUE	CONVERSION_COGS
STEAM_METHANE_REFORMING	CATALYTIC_REACTOR_PLANTS		PRODUCTION					0.375	0.75	0	0.667									ELECTRICITY;LABOR	1.50 MW;0.812 h/h									METHANE;WATER	0.314;0.353			CARBON_MONOXIDE;HYDROGEN	0.548;0.119						CARBON_MONOXIDE;HYDROGEN	FINE_CHEMICALS;HEAVY_MACHINERY	0.343;0.588	CONVERSION_REVENUE	CONVERSION_COGS
WATER_GAS_SHIFT	CATALYTIC_REACTOR_PLANTS		PRODUCTION					0.225	0.85	0	30.0									ELECTRICITY;LABOR	1.50 MW;9.46 h/h									CARBON_MONOXIDE;WATER	18.27;11.73			CARBON_DIOXIDE;HYDROGEN	28.68;1.320						HYDROGEN	FINE_CHEMICALS;HEAVY_MACHINERY	4.27;7.32	CONVERSION_REVENUE	CONVERSION_COGS
REVERSE_WATER_GAS_SHIFT	CATALYTIC_REACTOR_PLANTS		PRODUCTION					0.375	0.75	0	4.545									ELECTRICITY;LABOR	1.50 MW;1.54 h/h									CARBON_DIOXIDE;HYDROGEN	4.345;0.200			CARBON_MONOXIDE;WATER	2.768;1.777						CARBON_MONOXIDE	FINE_CHEMICALS;HEAVY_MACHINERY	0.647;1.11	CONVERSION_REVENUE	CONVERSION_COGS
CO2_METHANOL_SYNTH	CATALYTIC_REACTOR_PLANTS		PRODUCTION					0.300	0.80	0	18.75									ELECTRICITY;LABOR	1.50 MW;9.35 h/h									CARBON_DIOXIDE;HYDROGEN	16.48;2.269			METHANOL;WATER	12.00;6.750						METHANOL	FINE_CHEMICALS;HEAVY_MACHINERY	5.63;9.66	CONVERSION_REVENUE	CONVERSION_COGS
CO_METHANOL_SYNTH	CATALYTIC_REACTOR_PLANTS		PRODUCTION					0.225	0.85	0	25.0									ELECTRICITY;LABOR	1.50 MW;19.4 h/h									CARBON_MONOXIDE;HYDROGEN	21.85;3.150			METHANOL	25.0						METHANOL	FINE_CHEMICALS;HEAVY_MACHINERY	11.7;20.1	CONVERSION_REVENUE	CONVERSION_COGS
METHANE_METHANOL_SYNTH	CATALYTIC_REACTOR_PLANTS		PRODUCTION					0.225	0.85	0	25.0									ELECTRICITY;LABOR	1.50 MW;19.4 h/h									METHANE	12.5	OXYGEN	12.5	METHANOL	25.0					1.13	METHANOL	FINE_CHEMICALS;HEAVY_MACHINERY	25.4;43.5	CONVERSION_REVENUE	CONVERSION_COGS
COAL_METHANOL_SYNTH	CATALYTIC_REACTOR_PLANTS		PRODUCTION					0.225	0.85	0	60.43									ELECTRICITY;LABOR	1.50 MW;19.7 h/h									COAL;WATER	27.63;14.74	OXYGEN	18.06	METHANOL;SULFUR;INDUST_WASTE	25.00;0.3968;2.480	CARBON_DIOXIDE	32.55			1.27	METHANOL;SULFUR	FINE_CHEMICALS;HEAVY_MACHINERY	24.3;41.6	CONVERSION_REVENUE	CONVERSION_COGS
LIQ_HYDROCARBONS_SYNTH	CATALYTIC_REACTOR_PLANTS		PRODUCTION					0.300	0.80	0	15.0									ELECTRICITY;LABOR	1.50 MW;9.48 h/h									CARBON_MONOXIDE;HYDROGEN	13.0;2.00			LIQ_HYDROCARBONS;WATER	6.630;8.370						LIQ_HYDROCARBONS	FINE_CHEMICALS;HEAVY_MACHINERY	6.59;11.3	CONVERSION_REVENUE	CONVERSION_COGS
AMMONIA_SYNTH	CATALYTIC_REACTOR_PLANTS		PRODUCTION					0.300	0.80	0	1									ELECTRICITY;LABOR	1.50 MW;0.958 h/h									NITROGEN;HYDROGEN	0.822;0.178			AMMONIA	1						AMMONIA	FINE_CHEMICALS;HEAVY_MACHINERY	0.37;0.634	CONVERSION_REVENUE	CONVERSION_COGS
COAL_GASIFICATION	GASIFICATION_PLANTS		PRODUCTION					0.0120	0.85	0	1									ELECTRICITY;LABOR	0.08 MW;0.604 h/h									COAL;OXYGEN;WATER	0.557;0.364;0.079			CARBON_MONOXIDE;HYDROGEN;SULFUR;INDUST_WASTE	0.780;0.039;0.008;0.050	CARBON_DIOXIDE	0.123			1.27	CARBON_MONOXIDE;HYDROGEN;SULFUR	FINE_CHEMICALS;HEAVY_MACHINERY	0.253;0.434	CONVERSION_REVENUE	CONVERSION_COGS
BIOMASS_GASIFICATION	GASIFICATION_PLANTS		PRODUCTION					0.0160	0.80	0	1.333									ELECTRICITY;LABOR	0.08 MW;0.925 h/h									BIOFEEDSTOCK;OXYGEN;WATER	1.073;0.207;0.0533			CARBON_MONOXIDE;HYDROGEN;INDUST_WASTE	1.117;0.0707;0.0533	CARBON_DIOXIDE	0.0920			1.19	CARBON_MONOXIDE;HYDROGEN	FINE_CHEMICALS;HEAVY_MACHINERY	0.384;0.658	CONVERSION_REVENUE	CONVERSION_COGS
METHANE_PYROLYSIS	PYROLYSIS_PLANTS		PRODUCTION					0.450	0.70	0	0.500									ELECTRICITY;LABOR	1.50 MW;0.745 h/h									METHANE	0.500			CARBON;HYDROGEN	0.374;0.126						CARBON;HYDROGEN	FINE_CHEMICALS;HEAVY_MACHINERY	0.293;0.502	CONVERSION_REVENUE	CONVERSION_COGS
COAL_CARBONIZATION	PYROLYSIS_PLANTS		PRODUCTION					0.375	0.75	0	1									ELECTRICITY;LABOR	1.50 MW;0.47 h/h									COAL	1			CARBON;METHANE;HYDROGEN;WATER;AMMONIA;SULFUR;CARBON_MONOXIDE;INDUST_WASTE	0.650;0.055;0.015;0.175;0.003;0.012;0.014;0.076						CARBON;METHANE;HYDROGEN;AMMONIA;SULFUR;CARBON_MONOXIDE	FINE_CHEMICALS;HEAVY_MACHINERY	0.144;0.247	CONVERSION_REVENUE	CONVERSION_COGS
BIOMASS_CARBONIZATION	PYROLYSIS_PLANTS		PRODUCTION					0.450	0.70	0	3.571									ELECTRICITY;LABOR	1.50 MW;1.2 h/h									BIOFEEDSTOCK	3.571			CARBON;METHANE;HYDROGEN;CARBON_MONOXIDE;INDUST_WASTE	1.239;0.232;0.0536;0.286;0.179	CARBON_DIOXIDE;WATER	0.750;0.832			1.12	CARBON;METHANE;HYDROGEN;CARBON_MONOXIDE	FINE_CHEMICALS;HEAVY_MACHINERY	0.446;0.765	CONVERSION_REVENUE	CONVERSION_COGS
POLYMER_SYNTH	POLYMER_PLANTS		PRODUCTION					0.500	0.75	0	1.08									ELECTRICITY;LABOR	2.00 MW;1.68 h/h									LIQ_HYDROCARBONS;INDUST_CHEMICALS;OXYGEN;WATER	0.820;0.120;0.060;0.080			POLYMERS;METHANE;HYDROGEN;INDUST_WASTE	0.550;0.160;0.030;0.080	CARBON_DIOXIDE	0.100	WATER	0.160	1.01	POLYMERS;METHANE;HYDROGEN	FINE_CHEMICALS;HEAVY_MACHINERY	0.61;1.05	CONVERSION_REVENUE	CONVERSION_COGS
INDUST_CHEMICALS_SYNTH	CHEMICAL_PLANTS		PRODUCTION					0.110	0.80	0	1.12									ELECTRICITY;LABOR	0.55 MW;0.429 h/h									INDUST_MINERALS;SULFUR;AMMONIA;METHANOL;WATER	0.450;0.080;0.020;0.150;0.120	OXYGEN	0.300	INDUST_CHEMICALS;INDUST_WASTE	0.550;0.250			WATER	0.320	1.09	INDUST_CHEMICALS	FINE_CHEMICALS;HEAVY_MACHINERY	0.112;0.192	CONVERSION_REVENUE	CONVERSION_COGS
FINE_CHEMICALS_SYNTH	FINE_CHEMICALS_PLANTS		PRODUCTION					0.375	0.75	0	1.2									ELECTRICITY;LABOR	1.50 MW;16.7 h/h									INDUST_CHEMICALS;METHANOL;INDUST_METALS;INDUST_MINERALS;OXYGEN;WATER	0.400;0.200;0.100;0.100;0.200;0.200			FINE_CHEMICALS;INDUST_WASTE	0.500;0.150	CARBON_DIOXIDE	0.150	WATER	0.400	1.04	FINE_CHEMICALS	FINE_CHEMICALS;HEAVY_MACHINERY	3.76;6.45	CONVERSION_REVENUE	CONVERSION_COGS
CONCRETE_PRODUCTION	CONCRETE_PLANTS		PRODUCTION					0.0550	0.75	0	1.03									ELECTRICITY;LABOR	0.0141 MW;0.161 h/h									STONE;INDUST_MINERALS;WATER	0.600;0.250;0.180			CONCRETE	0.940	CARBON_DIOXIDE	0.060	WATER	0.030	1.05	CONCRETE	FINE_CHEMICALS;HEAVY_MACHINERY	0.0332;0.0569	CONVERSION_REVENUE	CONVERSION_COGS
GLASS_CERAMICS_PRODUCTION	GLASS_CERAMICS_PLANTS		PRODUCTION					0.525	0.70	0	1									ELECTRICITY;LABOR	1.75 MW;1.74 h/h									INDUST_MINERALS	1			GLASS_CERAMICS	0.890	CARBON_DIOXIDE	0.110			1.01	GLASS_CERAMICS	FINE_CHEMICALS;HEAVY_MACHINERY	0.313;0.536	CONVERSION_REVENUE	CONVERSION_COGS
SEMICONDUCTOR_PRODUCTION	SEMICONDUCTOR_MAT_FABS		PRODUCTION					7.00	0.65	0	1.5									ELECTRICITY;LABOR	20.0 MW;44.5 h/h									INDUST_MINERALS;CARBON;FINE_CHEMICALS;INDUST_CHEMICALS;OXYGEN;WATER	0.500;0.100;0.050;0.100;0.250;0.500			SEMICONDUCTOR_MAT;INDUST_WASTE	0.200;0.350	CARBON_DIOXIDE	0.350	WATER	0.600	1.01	SEMICONDUCTOR_MAT	ELECTRONICS;PRECISION_EQUIPMENT;FINE_CHEMICALS	1.29;0.723;6.03	CONVERSION_REVENUE	CONVERSION_COGS
COMPOSITE_PRODUCTION	COMPOSITES_FACILITIES		PRODUCTION					0.250	0.75	0	0.556									ELECTRICITY;LABOR	1.00 MW;17.8 h/h									POLYMERS;GLASS_CERAMICS;CARBON;INDUST_CHEMICALS	0.222;0.250;0.0556;0.0278			COMPOSITES;INDUST_WASTE	0.500;0.0556						COMPOSITES	HEAVY_MACHINERY;INDUST_METALS	3.57;4.55	MANUFACTURING_REVENUE	MANUFACTURING_COGS
SOLID_FUEL_PRODUCTION	PROPELLANT_PLANTS		PRODUCTION					0.0435	0.85	0	1									ELECTRICITY;LABOR	0.29 MW;7.6 h/h									INDUST_CHEMICALS;ALUMINIUM;POLYMERS;FINE_CHEMICALS	0.680;0.180;0.100;0.040			SOLID_FUELS;INDUST_WASTE	0.950;0.050						SOLID_FUELS	FINE_CHEMICALS;HEAVY_MACHINERY	8.91;15.3	CONVERSION_REVENUE	CONVERSION_COGS
FERTILIZER_PRODUCTION	FERTILIZER_PLANTS		PRODUCTION					0.164	0.80	0	1									ELECTRICITY;LABOR	0.82 MW;0.559 h/h									AMMONIA;INDUST_MINERALS;SULFUR;INDUST_CHEMICALS;WATER	0.294;0.470;0.059;0.118;0.059			FERTILIZERS;INDUST_WASTE	0.824;0.176						FERTILIZERS	FINE_CHEMICALS;HEAVY_MACHINERY	0.236;0.405	CONVERSION_REVENUE	CONVERSION_COGS
BUILDOUT	CONSTRUCTION_YARDS		BUILDOUT		buildout						1									LABOR	2.56 h/h																								
DECOMMISSIONING	CONSTRUCTION_YARDS		DECOMMISSIONING		decommissioning						1																																		
SPACE_YARDS_ASSEMBLY	SPACE_YARDS		PRODUCTION					0.240	0.70	0	0.667		0.587							ELECTRICITY;LABOR	0.80 MW;326 h/h									STEEL;ALUMINIUM;COMPOSITES;INDUST_METALS;ELECTRONICS;PRECISION_EQUIPMENT;POLYMERS	0.233;0.133;0.0667;0.0533;0.0533;0.0467;0.0800			HEAVY_TRANSPORTS;INDUST_WASTE	0.587;0.0800						HEAVY_TRANSPORTS	HEAVY_MACHINERY;INDUST_METALS	7.31;9.3	MANUFACTURING_REVENUE	MANUFACTURING_COGS
TRANSPORT_MANUF	TRANSPORT_FACTORIES		PRODUCTION					0.200	0.75	0	1		0.900							ELECTRICITY;LABOR	0.80 MW;45 h/h									STEEL;ALUMINIUM;POLYMERS;ELECTRONICS;GLASS_CERAMICS;INDUST_METALS;COMPOSITES	0.480;0.120;0.120;0.060;0.060;0.060;0.100			TRANSPORT_SYSTEMS;INDUST_WASTE	0.900;0.100						TRANSPORT_SYSTEMS	HEAVY_MACHINERY;INDUST_METALS	12.9;16.4	MANUFACTURING_REVENUE	MANUFACTURING_COGS
STEEL_STRUCTURES_MANUF	METAL_FAB_WORKS		PRODUCTION					0.0600	0.80	0	1		0.950							ELECTRICITY;LABOR	0.30 MW;9.51 h/h									STEEL;INDUST_METALS;POLYMERS	0.960;0.020;0.020			STEEL_STRUCTURES;INDUST_WASTE	0.950;0.050						STEEL_STRUCTURES	HEAVY_MACHINERY;INDUST_METALS	1.7;2.16	MANUFACTURING_REVENUE	MANUFACTURING_COGS
ALUMINIUM_STRUCTURES_MANUF	METAL_FAB_WORKS		PRODUCTION					0.0600	0.80	0	0.667		0.627							ELECTRICITY;LABOR	0.30 MW;20.9 h/h									ALUMINIUM;INDUST_METALS;POLYMERS	0.640;0.0133;0.0133			ALUMINIUM_STRUCTURES;INDUST_WASTE	0.627;0.0400						ALUMINIUM_STRUCTURES	HEAVY_MACHINERY;INDUST_METALS	3.14;3.99	MANUFACTURING_REVENUE	MANUFACTURING_COGS
COMPOSITE_STRUCTURES_MANUF	COMPOSITES_FACILITIES		PRODUCTION					0.250	0.75	0	1		0.900							ELECTRICITY;LABOR	1.00 MW;300 h/h									COMPOSITES;POLYMERS;TECHNICAL_TEXTILES;ALUMINIUM;INDUST_CHEMICALS	0.550;0.150;0.150;0.100;0.050			COMPOSITE_STRUCTURES;INDUST_WASTE	0.900;0.100						COMPOSITE_STRUCTURES	HEAVY_MACHINERY;INDUST_METALS	22;28	MANUFACTURING_REVENUE	MANUFACTURING_COGS
TECHNICAL_TEXTILES_FAB	TEXTILES_MILLS		PRODUCTION					0.120	0.80	0	1		0.920							ELECTRICITY;LABOR	0.60 MW;54 h/h									POLYMERS;CARBON;GLASS_CERAMICS;FINE_CHEMICALS	0.600;0.200;0.150;0.050			TECHNICAL_TEXTILES;INDUST_WASTE	0.920;0.080						TECHNICAL_TEXTILES	HEAVY_MACHINERY;INDUST_METALS	9.86;12.5	MANUFACTURING_REVENUE	MANUFACTURING_COGS
SOLAR_PANEL_MANUF	SOLAR_PANEL_FACTORIES		PRODUCTION					0.450	0.75	0	1		0.920							ELECTRICITY;LABOR	1.80 MW;49.5 h/h									SEMICONDUCTOR_MAT;GLASS_CERAMICS;ALUMINIUM;INDUST_METALS;POLYMERS	0.050;0.760;0.080;0.010;0.100			SOLAR_PANELS;INDUST_WASTE	0.920;0.080						SOLAR_PANELS	HEAVY_MACHINERY;INDUST_METALS	12.8;16.2	MANUFACTURING_REVENUE	MANUFACTURING_COGS
BATTERY_MANUF	BATTERY_FACTORIES		PRODUCTION					0.300	0.75	0	1		0.920							ELECTRICITY;LABOR	1.20 MW;180 h/h									INDUST_METALS;CARBON;ALUMINIUM;POLYMERS;FINE_CHEMICALS;INDUST_CHEMICALS	0.250;0.250;0.120;0.100;0.150;0.130			BATTERIES;INDUST_WASTE	0.920;0.080						BATTERIES	HEAVY_MACHINERY;INDUST_METALS	13.1;16.7	MANUFACTURING_REVENUE	MANUFACTURING_COGS
LEU_FUEL_MANUF	NUCLEAR_FUEL_FAB_PLANTS		PRODUCTION					5.60	0.75	0	1		0.0929							ELECTRICITY;LABOR	22.4 MW;843 h/h									URANIUM;WATER;INDUST_METALS;INDUST_CHEMICALS;STEEL;INDUST_MINERALS	0.955;0.0100;0.0150;0.0100;0.00500;0.00500			LE_URANIUM_FUEL;DEPLETED_URANIUM;INDUST_WASTE	0.0929;0.874;0.0331						LE_URANIUM_FUEL	HEAVY_MACHINERY;INDUST_METALS	22;28	MANUFACTURING_REVENUE	MANUFACTURING_COGS
HEU_FUEL_MANUF	NUCLEAR_FUEL_FAB_PLANTS		PRODUCTION					7.84	0.65	0	0.723		0.00868							ELECTRICITY;LABOR	22.4 MW;407 h/h									URANIUM;INDUST_METALS;INDUST_CHEMICALS;STEEL;INDUST_MINERALS	0.705;0.00578;0.00578;0.00289;0.00362			HE_URANIUM_FUEL;DEPLETED_URANIUM;INDUST_WASTE	0.00868;0.713;0.00145						HE_URANIUM_FUEL	HEAVY_MACHINERY;INDUST_METALS	15.9;20.2	MANUFACTURING_REVENUE	MANUFACTURING_COGS
THORIUM_FUEL_MANUF	NUCLEAR_FUEL_FAB_PLANTS		PRODUCTION					5.60	0.75	0	8.960		8.512							ELECTRICITY;LABOR	22.4 MW;8.51e+04 h/h									THORIUM;URANIUM;INDUST_METALS;STEEL;INDUST_CHEMICALS;INDUST_MINERALS	6.272;0.269;1.792;0.224;0.224;0.179			THORIUM_FUEL;INDUST_WASTE	8.512;0.448						THORIUM_FUEL	HEAVY_MACHINERY;INDUST_METALS	197;251	MANUFACTURING_REVENUE	MANUFACTURING_COGS
HEAVY_MACHINERY_MANUF	HEAVY_MANUF_PLANTS		PRODUCTION					0.110	0.80	0	1		0.920							ELECTRICITY;LABOR	0.55 MW;25.6 h/h									STEEL;INDUST_METALS;ALUMINIUM;POLYMERS;ELECTRONICS	0.800;0.070;0.030;0.060;0.040			HEAVY_MACHINERY;INDUST_WASTE	0.920;0.080						HEAVY_MACHINERY	HEAVY_MACHINERY;INDUST_METALS	4.6;5.86	MANUFACTURING_REVENUE	MANUFACTURING_COGS
ELECTRICAL_EQUIP_MANUF	HEAVY_MANUF_PLANTS		PRODUCTION					0.110	0.80	0	0.786		0.723							ELECTRICITY;LABOR	0.55 MW;28.3 h/h									STEEL;INDUST_METALS;ALUMINIUM;POLYMERS;GLASS_CERAMICS;ELECTRONICS	0.314;0.220;0.0629;0.0786;0.0472;0.0629			ELECTRICAL_EQUIPMENT;INDUST_WASTE	0.723;0.0629						ELECTRICAL_EQUIPMENT	HEAVY_MACHINERY;INDUST_METALS	5.17;6.58	MANUFACTURING_REVENUE	MANUFACTURING_COGS
PRECISION_EQUIP_MANUF	PRECISION_MANUF_PLANTS		PRODUCTION					0.375	0.75	0	1		0.880							ELECTRICITY;LABOR	1.50 MW;469 h/h									STEEL;ALUMINIUM;INDUST_METALS;ELECTRONICS;GLASS_CERAMICS;POLYMERS;FINE_CHEMICALS	0.200;0.200;0.150;0.150;0.100;0.100;0.100			PRECISION_EQUIPMENT;INDUST_WASTE	0.880;0.120						PRECISION_EQUIPMENT	ELECTRONICS;PRECISION_EQUIPMENT;FINE_CHEMICALS	8;4.5;37.5	MANUFACTURING_REVENUE	MANUFACTURING_COGS
ELECTRONICS_MANUF	ELECTRONICS_FACTORIES		PRODUCTION					0.625	0.75	0	1		0.900							ELECTRICITY;LABOR	2.50 MW;264 h/h									SEMICONDUCTOR_MAT;INDUST_METALS;POLYMERS;GLASS_CERAMICS;PRECIOUS_METALS;FINE_CHEMICALS	0.001;0.332;0.200;0.327;1.89e-5;0.140			ELECTRONICS;INDUST_WASTE	0.900;0.100						ELECTRONICS	ELECTRONICS;PRECISION_EQUIPMENT;FINE_CHEMICALS	8;4.5;37.5	MANUFACTURING_REVENUE	MANUFACTURING_COGS
ROBOTICS_MANUF	ROBOTICS_FACTORIES		PRODUCTION					0.500	0.75	0	1		0.900							ELECTRICITY;LABOR	2.00 MW;250 h/h									STEEL;ALUMINIUM;INDUST_METALS;ELECTRONICS;POLYMERS;PRECISION_EQUIPMENT;COMPOSITES	0.250;0.150;0.120;0.200;0.100;0.080;0.100			ROBOTICS;INDUST_WASTE	0.900;0.100						ROBOTICS	ELECTRONICS;PRECISION_EQUIPMENT;FINE_CHEMICALS	5.76;3.24;27	MANUFACTURING_REVENUE	MANUFACTURING_COGS
TENSOR_PROCESSOR_FAB	ADVANCED_PROCESSOR_FABS		PRODUCTION					8.75	0.65	0	1.4		0.850							ELECTRICITY;LABOR	25.0 MW;1.89e+04 h/h									SEMICONDUCTOR_MAT;INDUST_METALS;PRECIOUS_METALS;FINE_CHEMICALS;POLYMERS;WATER	0.350;0.330;1.70e-4;0.200;0.120;0.400			TENSOR_PROCESSORS;INDUST_WASTE	0.850;0.150			WATER	0.400	1.01	TENSOR_PROCESSORS	ELECTRONICS;PRECISION_EQUIPMENT;FINE_CHEMICALS	11.2;6.3;52.5	MANUFACTURING_REVENUE	MANUFACTURING_COGS
NEUROMORPHIC_PROCESSOR_FAB	ADVANCED_PROCESSOR_FABS		PRODUCTION					8.750	0.65	0	1.163		0.708							ELECTRICITY;LABOR	25.0 MW;4.72e+04 h/h									SEMICONDUCTOR_MAT;INDUST_METALS;PRECIOUS_METALS;FINE_CHEMICALS;POLYMERS;WATER	0.291;0.275;1.42e-4;0.167;0.100;0.330			NEUROMORPHIC_PROCESSORS;INDUST_WASTE	0.708;0.125			WATER	0.330	1.01	NEUROMORPHIC_PROCESSORS	ELECTRONICS;PRECISION_EQUIPMENT;FINE_CHEMICALS	9.3;5.23;43.6	MANUFACTURING_REVENUE	MANUFACTURING_COGS
CONSUMER_GOODS_MANUF	CONSUMER_GOODS_FACTORIES		PRODUCTION					0.0800	0.80	0	1		0.920							ELECTRICITY;LABOR	0.40 MW;36 h/h									POLYMERS;STEEL;LUMBER_WOOD_PROD;GLASS_CERAMICS;BIOFIBERS;INDUST_CHEMICALS	0.300;0.150;0.250;0.100;0.100;0.100			CONSUMER_GOODS;INDUST_WASTE	0.920;0.080						CONSUMER_GOODS	HEAVY_MACHINERY;INDUST_METALS	6.57;8.37	MANUFACTURING_REVENUE	MANUFACTURING_COGS
SPECIALTY_GOODS_MANUF	CONSUMER_GOODS_FACTORIES		PRODUCTION					0.0800	0.80	0	0.400		0.360							ELECTRICITY;LABOR	0.40 MW;141 h/h									POLYMERS;INDUST_METALS;ELECTRONICS;GLASS_CERAMICS;PRECIOUS_METALS;ALUMINIUM	0.0800;0.0679;0.100;0.0600;1.44e-4;0.0920			SPECIALTY_GOODS;INDUST_WASTE	0.360;0.0400						SPECIALTY_GOODS	HEAVY_MACHINERY;INDUST_METALS	8.8;11.2	MANUFACTURING_REVENUE	MANUFACTURING_COGS
CREW_LIFE_SUPPORT	CREW_SYSTEMS		PRODUCTION					0.00300	0.90	0	1.10e-3									ELECTRICITY;LABOR	0.030 MW;3.91e-05 h/h									PACKAGED_MEALS;OXYGEN	7.50e-4;3.50e-4			BIOWASTE;WATER	5.16e-4;1.67e-4	CARBON_DIOXIDE	4.17e-4					HEAVY_MACHINERY;INDUST_CHEMICALS	0.0028;0.0522	BIOMES_REVENUE	BIOMES_COGS
OPEN_AGRICULTURE	INDUST_FARMS		PRODUCTION				2.50	0.0504	0.98	2.50	1									ELECTRICITY;LABOR	0.02 MW;1.2 h/h									FERTILIZERS;WATER	0.015;0.650	CARBON_DIOXIDE	0.335	CROP_PROD;ANIMAL_PROD;BIOFEEDSTOCK;BIOFIBERS;BIOWASTE	0.300;0.150;0.100;0.020;0.150	OXYGEN	0.280			2.95	CROP_PROD;ANIMAL_PROD;BIOFEEDSTOCK;BIOFIBERS	HEAVY_MACHINERY;INDUST_CHEMICALS	0.556;10.4	BIOMES_REVENUE	BIOMES_COGS
CONTROLLED_ENV_AGRICULTURE	CONTROLLED_ENV_FARMS		PRODUCTION				3.00	0.900	0.80	3.00	1									ELECTRICITY;LABOR	1.50 MW;0.832 h/h									FERTILIZERS;WATER	0.020;0.600	CARBON_DIOXIDE	0.380	CROP_PROD;ANIMAL_PROD;BIOFEEDSTOCK;BIOWASTE	0.280;0.100;0.050;0.250	OXYGEN	0.320			1.07	CROP_PROD;ANIMAL_PROD;BIOFEEDSTOCK	HEAVY_MACHINERY;INDUST_CHEMICALS	0.404;7.54	BIOMES_REVENUE	BIOMES_COGS
OPEN_AQUACULTURE	AQUACULTURE_FARMS		PRODUCTION				1.00	0.0206	0.98	1.00	1									ELECTRICITY;LABOR	0.0315 MW;3.87 h/h									FERTILIZERS;WATER	0.010;0.700	CARBON_DIOXIDE	0.290	ANIMAL_PROD;ALGAL_MICROBIAL_PROD;BIOFEEDSTOCK;BIOWASTE	0.200;0.050;0.050;0.450	OXYGEN	0.250			3.32	ANIMAL_PROD;ALGAL_MICROBIAL_PROD;BIOFEEDSTOCK	HEAVY_MACHINERY;INDUST_CHEMICALS	1.17;21.9	BIOMES_REVENUE	BIOMES_COGS
CONTROLLED_ENV_AQUACULTURE	CONTROLLED_ENV_AQUACULTURE_FACILITIES		PRODUCTION				1.00	0.520	0.80	1.00	1									ELECTRICITY;LABOR	1.60 MW;4.87 h/h									WATER;FERTILIZERS	0.500;0.060	CARBON_DIOXIDE	0.440	ANIMAL_PROD;ALGAL_MICROBIAL_PROD;BIOWASTE	0.300;0.060;0.240	OXYGEN	0.400			1.09	ANIMAL_PROD;ALGAL_MICROBIAL_PROD	HEAVY_MACHINERY;INDUST_CHEMICALS	1.51;28.2	BIOMES_REVENUE	BIOMES_COGS
ALGACULTURE	ALGAL_CULTIVATION_FACILITIES		PRODUCTION				3.33	0.767	0.80	3.33	1									ELECTRICITY;LABOR	0.500 MW;30 h/h									WATER;FERTILIZERS	0.167;0.200	CARBON_DIOXIDE;NITROGEN	0.583;0.0500	ALGAL_MICROBIAL_PROD;BIOWASTE	0.500;0.0333	OXYGEN	0.467			1.19	ALGAL_MICROBIAL_PROD	HEAVY_MACHINERY;INDUST_CHEMICALS	2.54;47.5	BIOMES_REVENUE	BIOMES_COGS
CELLULAR_AGRICULTURE	BIOREACTOR_FACILITIES		PRODUCTION					0.200	0.80	0	0.184									ELECTRICITY;LABOR	1.00 MW;0.421 h/h									WATER;CROP_PROD;FINE_CHEMICALS;INDUST_CHEMICALS;OXYGEN	0.0501;0.0668;0.0167;0.0167;0.0334			ANIMAL_PROD;BIOWASTE	0.100;0.0334	CARBON_DIOXIDE	0.0501			1.01	ANIMAL_PROD	HEAVY_MACHINERY;INDUST_CHEMICALS	0.31;5.78	BIOMES_REVENUE	BIOMES_COGS
COMMERCIAL_FISHING	COMMERCIAL_FISHING_FLEETS		PRODUCTION			OCEAN		0.65	0.35							WILD_FISHERIES	4.0	0	0.0002	ELECTRICITY;LABOR	1 MW;29.8 h/h																				ANIMAL_PROD	HEAVY_MACHINERY;INDUST_CHEMICALS	0.257;4.8	BIOMES_REVENUE	BIOMES_COGS
OPEN_FORESTRY	FORESTRY_OPS		PRODUCTION			CONT_SURFACE		0.55	0.45							TIMBER	25	0	0.05	ELECTRICITY;LABOR	1 MW;33.9 h/h																				LUMBER_WOOD_PROD	HEAVY_MACHINERY;INDUST_CHEMICALS	1.61;30	BIOMES_REVENUE	BIOMES_COGS
ARTISANAL_FARMING	ARTISANAL_FARMS		PRODUCTION				0.769	0.0172	0.98	0.769	1									ELECTRICITY;LABOR	0.0919 MW;82.5 h/h									WATER;FERTILIZERS	0.630;0.010	CARBON_DIOXIDE	0.360	ARTISANAL_FOODS;BIOWASTE	0.550;0.170	OXYGEN	0.280			2.30	ARTISANAL_FOODS	HEAVY_MACHINERY;INDUST_CHEMICALS	2.54;47.5	BIOMES_REVENUE	BIOMES_COGS
ARTISANAL_CRAFTING	ARTISANAL_WORKSHOPS		PRODUCTION					0.0212	0.80	0	1									ELECTRICITY;LABOR	0.106 MW;270 h/h									LUMBER_WOOD_PROD;BIOFIBERS;POLYMERS;GLASS_CERAMICS;INDUST_METALS	0.350;0.250;0.150;0.150;0.100			ARTISANAL_GOODS;INDUST_WASTE;BIOWASTE	0.900;0.090;0.010						ARTISANAL_GOODS	HEAVY_MACHINERY;INDUST_CHEMICALS	2.54;47.5	BIOMES_REVENUE	BIOMES_COGS
FOOD_PROCESSING_PACKAGING	FOOD_PROCESSING_PLANTS		PRODUCTION					0.0694	0.80	0	1.15									ELECTRICITY;LABOR	0.347 MW;9.26 h/h									CROP_PROD;ANIMAL_PROD;POLYMERS;WATER	0.556;0.347;0.0972;0.150			PACKAGED_MEALS;BIOWASTE	0.694;0.139			WATER	0.317	1.08	PACKAGED_MEALS	HEAVY_MACHINERY;INDUST_CHEMICALS	2.92;54.6	BIOMES_REVENUE	BIOMES_COGS
FOOD_PROCESSING_CANNING	FOOD_PROCESSING_PLANTS		PRODUCTION					0.0694	0.80	0	1.15									ELECTRICITY;LABOR	0.347 MW;9.26 h/h									CROP_PROD;ANIMAL_PROD;ALUMINIUM;WATER	0.556;0.347;0.0972;0.150			PACKAGED_MEALS;BIOWASTE	0.694;0.139			WATER	0.317	1.08	PACKAGED_MEALS	HEAVY_MACHINERY;INDUST_CHEMICALS	2.92;54.6	BIOMES_REVENUE	BIOMES_COGS
PHARMACEUTICALS_SYNTH	PHARMACEUTICAL_PLANTS		PRODUCTION					3.00	0.70	0	1.25									ELECTRICITY;LABOR	10.0 MW;80 h/h									BIOCHEMICALS;FINE_CHEMICALS;GLASS_CERAMICS;POLYMERS;WATER	0.400;0.300;0.100;0.200;0.250			PHARMACEUTICALS;BIOWASTE;INDUST_WASTE	0.600;0.100;0.100			WATER	0.450	1.01	PHARMACEUTICALS	ELECTRONICS;PRECISION_EQUIPMENT;FINE_CHEMICALS	4.8;3.6;40	BIOMES_REVENUE	BIOMES_COGS
URBAN_OPERATIONS	CITIES_TOWNS		PRODUCTION																	LABOR	22.2 h/h													HUMAN_HABITATION	20000 h/h						HUMAN_HABITATION			BIOMES_REVENUE	BIOMES_COGS
SOIL_CONDITIONING	SOIL_CONDITIONING_FACILITIES		PRODUCTION					0.0300	0.80	0	1									ELECTRICITY;LABOR	0.15 MW;0.119 h/h									REGOLITH;BIOWASTE;WATER;FERTILIZERS;INDUST_MINERALS	0.500;0.200;0.150;0.050;0.100			SOIL_GROWTH_MEDIA;INDUST_WASTE	0.950;0.050						SOIL_GROWTH_MEDIA	HEAVY_MACHINERY;INDUST_CHEMICALS	0.0514;0.96	BIOMES_REVENUE	BIOMES_COGS
BIOMASS_LIQUEFACTION	BIOMASS_CONVERSION_PLANTS		PRODUCTION					0.154	0.80	0	1.08									ELECTRICITY;LABOR	0.769 MW;0.553 h/h									BIOFEEDSTOCK;HYDROGEN;WATER	0.923;0.0769;0.080			LIQ_HYDROCARBONS;BIOWASTE	0.385;0.154	CARBON_DIOXIDE	0.231	WATER	0.310	1.08	LIQ_HYDROCARBONS	HEAVY_MACHINERY;INDUST_CHEMICALS	0.455;8.5	BIOMES_REVENUE	BIOMES_COGS
ETHANOL_FERMENTATION	BIOREACTOR_FACILITIES		PRODUCTION					0.200	0.80	0	3.00									ELECTRICITY;LABOR	1.00 MW;1.63 h/h									BIOFEEDSTOCK;WATER	2.75;0.250			ETHANOL;BIOWASTE	1.30;0.450	CARBON_DIOXIDE	1.25			1.21	ETHANOL	HEAVY_MACHINERY;INDUST_CHEMICALS	1.18;21.9	BIOMES_REVENUE	BIOMES_COGS
INDUST_FERMENTATION	BIOREACTOR_FACILITIES		PRODUCTION					0.200	0.80	0	1									ELECTRICITY;LABOR	1.00 MW;8.89 h/h									BIOFEEDSTOCK;NITROGEN;INDUST_CHEMICALS	0.700;0.060;0.240			BIOCHEMICALS;BIOWASTE	0.500;0.200	CARBON_DIOXIDE	0.300			1.05	BIOCHEMICALS	HEAVY_MACHINERY;INDUST_CHEMICALS	2.54;47.5	BIOMES_REVENUE	BIOMES_COGS
BIOGAS_PRODUCTION	BIOGAS_DIGESTERS		PRODUCTION					0.0267	0.80	0	1									ELECTRICITY;LABOR	0.133 MW;0.305 h/h									BIOWASTE	1			METHANE;FERTILIZERS;WATER	0.167;0.333;0.250	CARBON_DIOXIDE	0.250			1.31	METHANE;FERTILIZERS	HEAVY_MACHINERY;INDUST_CHEMICALS	0.29;5.41	BIOMES_REVENUE	BIOMES_COGS
BIOWASTE_TREATMENT	WASTEWATER_TREATMENT_PLANTS		PRODUCTION					0.120	0.80	0	1									ELECTRICITY;LABOR	0.600 MW;0.283 h/h									BIOWASTE	0.800	OXYGEN	0.200	BIOFEEDSTOCK;FERTILIZERS;INDUST_WASTE	0.200;0.100;0.100	CARBON_DIOXIDE	0.300	WATER	0.300	1.19	WATER;BIOFEEDSTOCK;FERTILIZERS	HEAVY_MACHINERY;INDUST_CHEMICALS	0.12;2.25	BIOMES_REVENUE	BIOMES_COGS
SCALAR_PROCESSING	SCALAR_COMPUTE_NODES		PRODUCTION					135	0.1						1					ELECTRICITY;LABOR	150 MW;200 h/h													SCALAR_COMPUTE	3.6 Zflop/h						SCALAR_COMPUTE			SERVICES_REVENUE	SERVICES_COGS
TENSOR_PROCESSING	TENSOR_COMPUTE_NODES		PRODUCTION					1.35	0.1						1					ELECTRICITY;LABOR	1.5 MW;10 h/h													TENSOR_COMPUTE	3.6 Zflop/h						TENSOR_COMPUTE			SERVICES_REVENUE	SERVICES_COGS
NEUROMORPHIC_PROCESSING	NEUROMORPHIC_NODES		PRODUCTION					0.45	0.1						1					ELECTRICITY;LABOR	0.5 MW;200 h/h													NEUROMORPHIC_COMPUTE	3.6 Zflop/h						NEUROMORPHIC_COMPUTE			SERVICES_REVENUE	SERVICES_COGS
FACILITIES_MANAGEMENT	PROFESSIONAL_BUSINESS_OFFICES		PRODUCTION					0.0016	0.6											ELECTRICITY;LABOR	0.004 MW;1.11 h/h									SCALAR_COMPUTE;PRECISION_EQUIPMENT	2e-6 Zflop/h;0.005 kg/h			FACILITIES_MANAGEMENT	1.11 h/h						FACILITIES_MANAGEMENT			SERVICES_REVENUE	SERVICES_COGS
TELECOMMUNICATIONS	COMMUNICATIONS_MEDIA_NETWORKS		PRODUCTION					0.00168	0.6											ELECTRICITY;LABOR	0.00421 MW;0.333 h/h									SCALAR_COMPUTE	3.16e-6 Zflop/h			TELECOMMUNICATIONS	0.2 h/h						TELECOMMUNICATIONS			SERVICES_REVENUE	SERVICES_COGS
CYBERSECURITY	PROFESSIONAL_BUSINESS_OFFICES		PRODUCTION					0.0032	0.6											ELECTRICITY;LABOR	0.008 MW;1.22 h/h									SCALAR_COMPUTE;TENSOR_COMPUTE	1e-5 Zflop/h;0.0006 Zflop/h			CYBERSECURITY	0.667 h/h						CYBERSECURITY			SERVICES_REVENUE	SERVICES_COGS
BROADCAST_STREAMING	COMMUNICATIONS_MEDIA_NETWORKS		PRODUCTION					0.00248	0.6											ELECTRICITY;LABOR	0.00621 MW;0.555 h/h									SCALAR_COMPUTE;TENSOR_COMPUTE	4.66e-6 Zflop/h;0.000233 Zflop/h			BROADCAST_STREAMING	0.37 h/h						BROADCAST_STREAMING			SERVICES_REVENUE	SERVICES_COGS
MARKETING_ADVERTISING	PROFESSIONAL_BUSINESS_OFFICES		PRODUCTION					0.0016	0.6											ELECTRICITY;LABOR	0.004 MW;1 h/h									SCALAR_COMPUTE;TENSOR_COMPUTE	6e-6 Zflop/h;0.0004 Zflop/h			MARKETING_ADVERTISING	0.556 h/h						MARKETING_ADVERTISING			SERVICES_REVENUE	SERVICES_COGS
BUSINESS_SERVICES	PROFESSIONAL_BUSINESS_OFFICES		PRODUCTION					0.0016	0.6											ELECTRICITY;LABOR	0.004 MW;1.22 h/h									SCALAR_COMPUTE;TENSOR_COMPUTE	1e-5 Zflop/h;0.0002 Zflop/h			BUSINESS_SERVICES	1.43 h/h						BUSINESS_SERVICES			SERVICES_REVENUE	SERVICES_COGS
ACCOUNTING_SERVICES	PROFESSIONAL_BUSINESS_OFFICES		PRODUCTION					0.0012	0.6											ELECTRICITY;LABOR	0.003 MW;1.11 h/h									SCALAR_COMPUTE	6e-6 Zflop/h			ACCOUNTING_SERVICES	0.8 h/h						ACCOUNTING_SERVICES			SERVICES_REVENUE	SERVICES_COGS
CONSULTING	PROFESSIONAL_BUSINESS_OFFICES		PRODUCTION					0.0012	0.6											ELECTRICITY;LABOR	0.003 MW;1.11 h/h									SCALAR_COMPUTE	6e-6 Zflop/h			CONSULTING	0.769 h/h						CONSULTING			SERVICES_REVENUE	SERVICES_COGS
LEGAL_SERVICES	PROFESSIONAL_BUSINESS_OFFICES		PRODUCTION					0.000872	0.6											ELECTRICITY;LABOR	0.00218 MW;1 h/h									SCALAR_COMPUTE	4.36e-6 Zflop/h			LEGAL_SERVICES	0.645 h/h						LEGAL_SERVICES			SERVICES_REVENUE	SERVICES_COGS
FINANCIAL_SERVICES	FINANCIAL_CENTERS		PRODUCTION					0.00116	0.6											ELECTRICITY;LABOR	0.00291 MW;0.667 h/h									SCALAR_COMPUTE;TENSOR_COMPUTE	7.26e-6 Zflop/h;0.000218 Zflop/h			FINANCIAL_SERVICES	0.303 h/h						FINANCIAL_SERVICES			SERVICES_REVENUE	SERVICES_COGS
INSURANCE_RISK	FINANCIAL_CENTERS		PRODUCTION					0.00116	0.6											ELECTRICITY;LABOR	0.00291 MW;0.556 h/h									SCALAR_COMPUTE;TENSOR_COMPUTE	7.26e-6 Zflop/h;0.000291 Zflop/h			INSURANCE_RISK	0.4 h/h						INSURANCE_RISK			SERVICES_REVENUE	SERVICES_COGS
ARCHITECTURE_ENGINEERING	PROFESSIONAL_BUSINESS_OFFICES		PRODUCTION					0.0016	0.6											ELECTRICITY;LABOR	0.004 MW;1.11 h/h									SCALAR_COMPUTE	6e-6 Zflop/h			ARCHITECTURE_ENGINEERING	0.69 h/h						ARCHITECTURE_ENGINEERING			SERVICES_REVENUE	SERVICES_COGS
RESEARCH_DEVELOPMENT	RESEARCH_LABORATORIES		PRODUCTION					0.0024	0.6											ELECTRICITY;LABOR	0.006 MW;1.11 h/h									SCALAR_COMPUTE;TENSOR_COMPUTE	1e-5 Zflop/h;0.0008 Zflop/h			RESEARCH_DEVELOPMENT	0.588 h/h						RESEARCH_DEVELOPMENT			RESEARCH_REVENUE	RESEARCH_DEVELOPMENT
EXCHANGE_OPERATIONS	EXCHANGES		EXCHANGE					0.0016	0.6											ELECTRICITY;LABOR	0.004 MW;0.0024 h/h									SCALAR_COMPUTE	1e-5 Zflop/h													SERVICES_REVENUE	SERVICES_COGS
WHOLESALE_LOGISTICS	TRANSPORT_LOGISTICS_HUBS		PRODUCTION					0.0016	0.6		0.0911									ELECTRICITY;LABOR	0.004 MW;0.822 h/h									SCALAR_COMPUTE;LIQ_HYDROCARBONS	2e-6 Zflop/h;20.7 kg/h	OXYGEN	70.4 kg/h	WHOLESALE_LOGISTICS	0.625 h/h	CARBON_DIOXIDE;WATER	65.0 kg/h;26.1 kg/h			3.31	WHOLESALE_LOGISTICS			SERVICES_REVENUE	SERVICES_COGS
PASSENGER_SERVICES	TRANSPORT_LOGISTICS_HUBS		PRODUCTION					0.00119	0.6		0.0586									ELECTRICITY;LABOR	0.00298 MW;0.778 h/h									SCALAR_COMPUTE;LIQ_HYDROCARBONS	1.49e-6 Zflop/h;13.3 kg/h	OXYGEN	45.3 kg/h	PASSENGER_SERVICES	0.667 h/h	CARBON_DIOXIDE;WATER	41.8 kg/h;16.8 kg/h			2.99	PASSENGER_SERVICES			SERVICES_REVENUE	SERVICES_COGS
RETAIL_SERVICES	RETAIL_COMMERCIAL_CENTERS		PRODUCTION					0.00133	0.6											ELECTRICITY;LABOR	0.00334 MW;0.844 h/h									SCALAR_COMPUTE	1.33e-6 Zflop/h			RETAIL_SERVICES	1 h/h						RETAIL_SERVICES			SERVICES_REVENUE	SERVICES_COGS
HOSPITALITY	RETAIL_COMMERCIAL_CENTERS		PRODUCTION					0.00147	0.6											ELECTRICITY;LABOR	0.00366 MW;0.733 h/h									SCALAR_COMPUTE	1.47e-6 Zflop/h			HOSPITALITY	1.25 h/h						HOSPITALITY			SERVICES_REVENUE	SERVICES_COGS
ENTERTAINMENT	RETAIL_COMMERCIAL_CENTERS		PRODUCTION					0.00155	0.6											ELECTRICITY;LABOR	0.00388 MW;0.778 h/h									SCALAR_COMPUTE	1.55e-6 Zflop/h			ENTERTAINMENT	0.8 h/h						ENTERTAINMENT			SERVICES_REVENUE	SERVICES_COGS
PERSONAL_SERVICES	RETAIL_COMMERCIAL_CENTERS		PRODUCTION					0.00145	0.6											ELECTRICITY;LABOR	0.00363 MW;0.891 h/h									SCALAR_COMPUTE	1.45e-6 Zflop/h			PERSONAL_SERVICES	1.67 h/h						PERSONAL_SERVICES			SERVICES_REVENUE	SERVICES_COGS
HEALTHCARE	HOSPITALS_CLINICS		PRODUCTION					0.00153	0.6											ELECTRICITY;LABOR	0.00383 MW;1.11 h/h									SCALAR_COMPUTE;PHARMACEUTICALS;PRECISION_EQUIPMENT	9.57e-7 Zflop/h;0.00598 kg/h;0.00239 kg/h			HEALTHCARE	0.952 h/h						HEALTHCARE			SERVICES_REVENUE	SERVICES_COGS
EDUCATION	SCHOOLS_UNIVERSITIES		PRODUCTION					0.000583	0.6											ELECTRICITY;LABOR	0.00146 MW;1.22 h/h									SCALAR_COMPUTE	7.29e-7 Zflop/h			EDUCATION	1.43 h/h						EDUCATION			SERVICES_REVENUE	SERVICES_COGS
PUBLIC_GOV_SERVICES	CIVIC_GOVERNMENT_BUILDINGS		PRODUCTION					0.000991	0.6											ELECTRICITY;LABOR	0.00248 MW;1.33 h/h									SCALAR_COMPUTE	1.24e-6 Zflop/h			PUBLIC_GOV_SERVICES	0.714 h/h						PUBLIC_GOV_SERVICES			SERVICES_REVENUE	SERVICES_COGS
UTILITIES_ENV_SERVICES	UTILITY_SANITATION_NETWORKS		PRODUCTION					0.00221	0.6											ELECTRICITY;LABOR	0.00553 MW;0.444 h/h									SCALAR_COMPUTE;WATER	1.11e-6 Zflop/h;0.0829 t/h			UTILITIES_ENV_SERVICES	0.333 h/h						UTILITIES_ENV_SERVICES			SERVICES_REVENUE	SERVICES_COGS
