	bucket_widths	first_adult_bucket	first_elder_bucket	birth_weights	starvation_rate	starvation_threshold	mortality_need	served_mortalities	mortality_elasticities	mortality_floor	mortality_response_time	fertility_needs	served_fertility	fertility_elasticities	fertility_floor	fertility_response_time	participation_needs	served_participation	participation_elasticities	participation_floor	participation_response_time	spending_rate	work_resource	work_stage_weights	work_hours	#comments
Type	ARRAY[FLOAT]	INT	INT	ARRAY[FLOAT]	FLOAT	FLOAT	TABLE_ROW	ARRAY[FLOAT]	ARRAY[FLOAT]	FLOAT	FLOAT	ARRAY[TABLE_ROW]	FLOAT	ARRAY[FLOAT]	FLOAT	FLOAT	ARRAY[TABLE_ROW]	FLOAT	ARRAY[FLOAT]	FLOAT	FLOAT	FLOAT	TABLE_ROW	ARRAY[FLOAT]	FLOAT	
Unit	y				1/y			1/y			y		1/y			y					y	1/y			h/y	
Default	5;10;10;15;15;10;15	2	6	0;0;0.35;0.6;0.05;0;0;0	4	0.8	HEALTH	0.001014;0.0001114;0.0003981;0.0007263;0.002454;0.007459;0.02292;0.1051	0.834;0.834;0.572;0.538;0.387;0.303;0.268;0.148	0.01	10	LEARNING;SHELTER	0.0665	0.407;-0.3	0.03	15	HEALTH	0.651	-0.15	0.01	5	1	LABOR	0;1;0.2	1800	
Prefix/POPULATION_							NEED_					NEED_					NEED_						RESOURCE_			
BASE_HUMAN																										
SUBSENTIENT_ANDROID																										# Subsentient "servants"
SENTIENT_AGI																										
VIRTUAL_HUMAN																										# Uploaded human or approximate simulation
CYBORG																										# Extensively mechanized, but w/ bio brain
EMBODIED_ANDROID																										# AGI or approximate human sim in mech body
EMBODIED_HUMAN																										# A "downloaded" person
MOD_AQUATIC																										# Modified for Earth aquatic environment
MOD_AMPHIBIOUS																										# Modified for Earth land or aquatic environment
# max 63																										